Organization Name,Organization Name URL,Industries,Headquarters Location,Description,CB Rank (Company),Announced Date,Announced Date Precision,IPO Date,Website,Twitter,LinkedIn,Top 5 Investors
Coinbase,https://www.crunchbase.com/organization/coinbase,"Bitcoin, Blockchain, Cryptocurrency, FinTech, Trading Platform","San Francisco, California, United States","Coinbase is a crypto exchange and wallet platform that allows merchants and consumers to buy, sell, and store digital currencies.",15,,,2021-04-14,https://www.coinbase.com,https://x.com/coinbase,https://www.linkedin.com/company/coinbase,"Andreessen Horowitz, Y Combinator, Wellington Management, Draper Associates, Union Square Ventures"
Robinhood,https://www.crunchbase.com/organization/robinhood,"Cryptocurrency, FinTech, Stock Exchanges, Trading Platform","Menlo Park, California, United States","Robinhood is a stock brokerage that allows customers to buy and sell stocks, options, ETFs, and cryptocurrencies with zero commission.",191,,,2021-07-29,https://www.robinhood.com,http://twitter.com/robinhoodapp,https://www.linkedin.com/company/robinhood,"Andreessen Horowitz, Sequoia Capital, LocalGlobe, Index Ventures, Thrive Capital"
WonderFi,https://www.crunchbase.com/organization/defi-ventures,"Bitcoin, Blockchain, Ethereum, Finance, Information Technology","Toronto, Ontario, Canada","WonderFi is a digital asset platform that develops, incubates, and invests in centralized and EVM-compatible decentralized products.",564,2025-05-13,day,2021-09-03,https://www.wonder.fi,https://www.twitter.com/WonderFi,https://www.linkedin.com/company/wonderfi,"Animal Capital, Argo Blockchain, Canaccord Genuity Group, Bigg Digital Assets, Alameda Research"
Bakkt,https://www.crunchbase.com/organization/bakkt,"Cryptocurrency, Financial Services, FinTech, Loyalty Programs","Alpharetta, Georgia, United States","Bakkt is a trusted digital asset platform that enables its customers to buy, sell, spend, send, and redeem digital assets.","1,579",,,2021-10-18,https://www.bakkt.com,https://twitter.com/Bakkt,https://www.linkedin.com/company/bakkt/,"Pantera Capital, CMT Digital, Galaxy Digital, M12 - Microsoft's Venture Fund, SGH CAPITAL"
Bridge,https://www.crunchbase.com/organization/bridge-05d0,"Cryptocurrency, Developer Tools, Financial Services, FinTech, Software","San Antonio, Texas, United States",Bridge is developer of an application programming interface for money movement within the financial technology sector.,"1,970",2024-10-20,day,,https://www.bridge.xyz,https://x.com/StableCoin,https://www.linkedin.com/company/bridge-apis,"Sequoia Capital, Index Ventures, Haun Ventures, Ribbit Capital, Diogo Mónica"
Bitget Wallet,https://www.crunchbase.com/organization/bitkeep,"Bitcoin, Cryptocurrency, Finance, FinTech","Grand Cayman, Midland, Cayman Islands",Bitget Wallet is a decentralized multi-chain digital wallet that provides safe and convenient digital asset management services to users.,"2,295",2023-03-22,day,,https://web3.bitget.com/en,https://twitter.com/BitKeepOS,https://www.linkedin.com/company/bitkeep,"Bitget, Arcanum Capital, Matrixport, DHVC, Foresight Ventures"
Banxa,https://www.crunchbase.com/organization/banxa,"Compliance, Cryptocurrency, Financial Services, FinTech, Software","Melbourne, Victoria, Australia",Banxa is the world's first listed RegTech and Payment Service Provider (PSP) for the digital asset industry,"2,762",,,2021-01-06,https://banxa.com/,https://twitter.com/BanxaOfficial,https://www.linkedin.com/company/banxa-com/about/,"KuCoin, NGC Ventures, OK Group, Huobi Capital, Thorney Investment"
Digital Asset,https://www.crunchbase.com/organization/digital-asset-2,"Blockchain, Cryptocurrency, Developer Platform, Developer Tools, Finance, Financial Services, FinTech, Software","New York, New York, United States","Digital Asset develops ledger technology intended to build distributed, encrypted straight-through processing tools.","4,221",2021-06-01,day,,http://www.digitalasset.com,https://twitter.com/digitalassetcom,https://www.linkedin.com/company/digital-asset-holdings-llc/,"Citi, Goldman Sachs, IBM, Salesforce Ventures, Eldridge Industries"
RTFKT,https://www.crunchbase.com/organization/rtfkt,"Cryptocurrency, Fashion, Shoes","South Jordan, Utah, United States",RTFKT is a developer of custom sneakers designed for video game enthusiasts.,"4,738",2021-12-13,day,,https://rtfkt.com/,https://twitter.com/RTFKTstudios,https://www.linkedin.com/company/rtfkt/,"Andreessen Horowitz, Long Journey Ventures, Shrug Capital, GFR Fund, Galaxy Interactive"
Marqeta,https://www.crunchbase.com/organization/marqeta,"Credit Cards, Cryptocurrency, Debit Cards, FinTech, Payments","Oakland, California, United States",Marqeta is a card issuing platform that provides infrastructure and tools to help companies build and manage payment programs.,"5,323",,,2021-06-09,https://www.marqeta.com,https://www.twitter.com/marqeta,https://www.linkedin.com/company/marqeta,"Vitruvian Partners, Coatue, ICONIQ Growth, Spark Capital, Goldman Sachs"
Blockfolio,https://www.crunchbase.com/organization/blockfolio,"Bitcoin, Blockchain, Cryptocurrency, Financial Services, FinTech, Mobile Apps, Virtual Currency","Santa Monica, California, United States",Blockfolio offers mobile portfolio tracking and management for the cryptocurrency and blockchain industry.,"6,327",2020-08-25,day,,http://www.blockfolio.com/,https://www.twitter.com/blockfolio,https://www.linkedin.com/company/blockfolio,"Mayfield Fund, Founders Fund, Playground Global, Abstract, Pantera Capital"
Airfox,https://www.crunchbase.com/organization/airfox,"Banking, Cryptocurrency, Financial Services, FinTech, Mobile, Wireless","Boston, Massachusetts, United States",Airfox provides the financially underserved in emerging markets digital access to financial services.,"6,376",2020-05-23,day,,https://airfox.com/,https://twitter.com/_airfox,https://www.linkedin.com/company/airfox/,"Techstars, One Way Ventures, Right Side Capital Management, LaunchCapital, Bantam Group"
X (formerly Twitter),https://www.crunchbase.com/organization/twitter,"Blogging Platforms, Social Media, Social Network, Web3","Bastrop, Texas, United States",X is a social networking platform that allows its users to send and read microblogs.,"7,583",2025-03-28,day,2013-11-07,https://x.com,https://x.com/X,https://www.linkedin.com/company/x-corp,"Andreessen Horowitz, Insight Partners, Sequoia Capital, Union Square Ventures, IVP"
Heap,https://www.crunchbase.com/organization/heap,"Analytics, Business Intelligence, Enterprise Software, Productivity Tools, Smart Contracts, Software","San Francisco, California, United States",Heap is a platform that provides analytics infrastructure to reduce the annoying parts of user analytics.,"7,711",2023-09-28,day,,https://heap.io,http://twitter.com/heap,https://www.linkedin.com/company/heap-inc-,"Y Combinator, Menlo Ventures, Pear VC, New Enterprise Associates, DTCP"
BTCS,https://www.crunchbase.com/organization/btcs,"Bitcoin, Blockchain, Information Technology","Silver Spring, Maryland, United States",BTCS is an early mover in the blockchain and digital currency ecosystems focused on digital assets and blockchain technologies.,"8,785",,,2014-03-05,http://www.btcs.com,https://twitter.com/bitcoinshopus,https://www.linkedin.com/company/bitcoinshop-us,"ATW Partners, Cavalry Fund, Charles Allen"
Coins.ph,https://www.crunchbase.com/organization/coins-ph,"Bitcoin, Blockchain, Financial Services, FinTech, Mobile Payments","Pasig, Rizal, Philippines",Coins.ph is a crypto asset management that provides buy and sell a variety of different cryptocurrencies and various financial services.,"8,906",2019-01-18,day,,https://coins.ph,https://x.com/coinsph,http://www.linkedin.com/company/coins-ph,"Quona Capital, Global Brain Corporation, Ribbit Capital, Pantera Capital, Innovation Endeavors"
Block,https://www.crunchbase.com/organization/square,"Bitcoin, FinTech, Mobile Payments, Productivity Tools, Retail Technology","San Francisco, California, United States","Block, Inc. (NYSE: SQ) (formerly Square, Inc.) is a technology company with a focus on financial services.","9,697",,,2015-11-19,https://block.xyz,https://twitter.com/blocks,https://www.linkedin.com/company/joinblock,"Sequoia Capital, Khosla Ventures, First Round Capital, Sapphire Ventures, Goldman Sachs"
Animoca Brands,https://www.crunchbase.com/organization/animoca-brands-corporation,"Apps, Blockchain, Casual Games, Developer Platform, Metaverse, Video Games","Cyberport, Hong Kong Island, Hong Kong",Animoca Brands is a metaverse and gaming company focused on driving digital property rights through NFTs.,"9,823",,,2015-01-23,https://www.animocabrands.com,https://x.com/animocabrands,https://www.linkedin.com/company/animoca-brands,"Accel, Temasek Holdings, HSG, 500 Global, Coinbase Ventures"
Harbor,https://www.crunchbase.com/organization/harbor-platform,"Blockchain, Compliance, Computer, Cryptocurrency, Finance, Financial Services, Security","San Francisco, California, United States",Harbor is helping to power the next big wave in capital markets – tokenized securities - by automating regulatory compliance.,"10,007",2020-02-18,day,,https://harbor.com,https://twitter.com/harbor,https://www.linkedin.com/company/harbor-hq,"Andreessen Horowitz, Craft Ventures, South Park Commons, Founders Fund, Valor Equity Partners"
Tagomi,https://www.crunchbase.com/organization/tagomi-systems,"Bitcoin, Blockchain, Cryptocurrency, Financial Services, FinTech","Chicago, Illinois, United States","Tagomi is a cryptocurrency trading platform that provides access to priced liquidity, low commissions, and maximized client return.","10,359",2020-05-27,day,,https://tagomi.com/,,https://www.linkedin.com/company/tagomi,"Founders Fund, Paradigm, Quiet Capital, Fabric Ventures, Abstract"
Surf,https://www.crunchbase.com/organization/trufan-inc,"Consumer, Loyalty Programs, Marketing, Software, Web3","Toronto, Ontario, Canada",Surf provides brands a better way to engage and understand consumers while compensating consumers for their data.,"10,644",2025-02-21,day,,http://joinsurf.com/,https://twitter.com/surfforbrands,https://ca.linkedin.com/company/surfforbrands,"Moneta Ventures, MAGIC Fund, Round13 Capital, LOI Venture, Protocol Ventures"
Safello,https://www.crunchbase.com/organization/safello,"Bitcoin, Finance, FinTech","Stockholm, Stockholms Lan, Sweden",Safello operates a bitcoin exchange and related services in the European market.,"12,900",,,2021-05-12,https://safello.com,http://twitter.com/SafelloAB,http://www.linkedin.com/company/safello,"Techstars, Digital Currency Group, White Star Capital, Nicolas Cary, Erik Voorhees"
Helio,https://www.crunchbase.com/organization/helio-d856,"Blockchain, FinTech, Payments, Web3","London, England, United Kingdom",Helio powers merchant payments for the Web3 economy,"12,992",2024-12-25,day,,https://www.helio.co,https://twitter.com/helio_pay,https://www.linkedin.com/company/heliofi,"Solana, Faction, Peak, RockawayX, David Szekely"
The Block,https://www.crunchbase.com/organization/the-block-crypto,"Bitcoin, Blockchain, Cryptocurrency, Digital Media, Information Services, Market Research, News","New York, New York, United States",The Block is the first and final word in digital assets.,"13,006",2023-11-13,day,,https://www.theblock.co,https://twitter.com/TheBlock__,https://www.linkedin.com/company/theblockcrypto/,"Everywhere Ventures, Greycroft, Floodgate, Pantera Capital, Bloomberg Beta"
SPIRIT Blockchain Capital,https://www.crunchbase.com/organization/spirit-blockchain,"Blockchain, Finance, FinTech, Venture Capital","Vancouver, British Columbia, Canada",SPIRIT Blockchain is a bridging blockchain and digital assets to capital markets.,"14,922",,,2022-09-14,http://spiritblockchain.com,,https://www.linkedin.com/company/spiritblockchain/,EOS Network Ventures
Korbit,https://www.crunchbase.com/organization/korbit,"Bitcoin, Blockchain, Cryptocurrency, Finance, Financial Exchanges, Financial Services, FinTech","Seoul, Seoul-t'ukpyolsi, South Korea","Korbit provides online bitcoin exchange, wallet, and merchant processor services.","15,128",2017-09-28,day,,http://korbit.co.kr,https://twitter.com/KorbitOfficial,https://www.linkedin.com/company/korbit-inc/,"Draper Associates, Pantera Capital, BAM Ventures, Strong Ventures, Korea Investment Partners"
LedgerX,https://www.crunchbase.com/organization/ledgerx,"Bitcoin, Cryptocurrency, Financial Services, FinTech, Virtual Currency","New York, New York, United States",LedgerX develops an institutional derivatives exchange platform for digital currencies.,"15,690",2023-04-25,day,,https://ledgerx.com,https://twitter.com/ledgerx,https://www.linkedin.com/company/ledgerx/,"Lightspeed Venture Partners, Blockchain Capital, SV Angel, MIAX Exchange Group, FundersClub"
Fyn,https://www.crunchbase.com/organization/beartax-inc,"Bitcoin, Blockchain, Consumer Software, Enterprise Software, Ethereum, Financial Services, FinTech, Information Technology, SaaS, Virtual Currency","Delaware City, Delaware, United States",Fyn helps enterprise and institutional investors manage their digital asset taxation.,"15,769",2023-08-04,day,,https://fynhq.com,https://twitter.com/hellofynhq,https://linkedin.com/company/hellofynhq,"Hustle Fund, Ascend, Defy.vc, BAM Ventures, Liquid 2 Ventures"
Drip Labs,https://www.crunchbase.com/organization/drip-71be,"Blockchain, Information Technology, Internet, Service Industry","San Francisco, California, United States",Drip Labs creates creator-centric Web3 content distribution network and offers free digital gifts from well-known producers.,"16,014",2025-04-02,day,,https://drip.haus,https://twitter.com/drip_haus,https://www.linkedin.com/company/driphaus,"Coinbase Ventures, Progression, NFX, 6th Man Ventures, Big Brain Holdings"
Tactic,https://www.crunchbase.com/organization/tactic-d1d8,"Cryptocurrency, FinTech, Software","New York, New York, United States",Tactic is the crypto accounting platform that's built to save businesses time.,"16,233",2023-01-17,day,,https://www.tactic.com/,https://twitter.com/choose_tactic,https://www.linkedin.com/company/choose-tactic/,"Founders Fund, Lux Capital, Coinbase Ventures, Ramp, Pathlight Ventures"
double jump.tokyo,https://www.crunchbase.com/organization/doublejump-tokyo,"Blockchain, Cryptocurrency, Video Games","Nishi, Tokyo, Japan",double jump.tokyo Is a blockchain game developer and NFT solution provider for large-scale enterprises in the gaming & entertainment sector.,"16,583",2018-05-07,day,,https://www.doublejump.tokyo/,https://x.com/doublejump_en,https://www.linkedin.com/company/doublejump-tokyo/,"Polygon, Amber Group, SBI Investment, Z Venture Capital, Protocol Labs"
Securrency,https://www.crunchbase.com/organization/securrency,"Blockchain, Financial Services, FinTech, Trading Platform","Washington, District of Columbia, United States",Securrency delivers financial technology products for the tokenized issuance and trading of securities.,"18,233",2023-10-19,day,,https://securrency.com,https://twitter.com/Securrency,https://www.linkedin.com/company/securrency,"Alumni Ventures, State Street Corporation, WisdomTree, RRE Ventures, ARK FUND"
Wyre,https://www.crunchbase.com/organization/wyre,"Cryptocurrency, Financial Services, FinTech, Payments","San Francisco, California, United States",Wyre is a crypto and payment infrastructure company that develops a variety of payment APIs.,"19,621",2024-02-15,day,,https://www.sendwyre.com,https://www.twitter.com/sendwyre,https://www.linkedin.com/company/wyre,"Draper Associates, Kraken, Fortress Investment Group, Blockchain Capital, Stellar Development Foundation"
Spindl,https://www.crunchbase.com/organization/spindl,"Advertising, Blockchain, Software, Web3","San Francisco, California, United States",Spindl develops a blockchain-based attribution system to help businesses accelerate user growth.,"20,271",2025-01-31,day,,https://www.spindl.xyz,https://twitter.com/spindl_xyz,https://www.linkedin.com/company/spindlxyz,"Polygon, Tribe Capital, Dragonfly, FJ Labs, Multicoin Capital"
Coinfirm,https://www.crunchbase.com/organization/coinfirm,"Bitcoin, Blockchain, Compliance, Financial Services, FinTech","London, England, United Kingdom",Coinfirm is a blockchain analytics and investigations solutions.,"21,273",2024-05-21,day,,http://www.coinfirm.com,https://twitter.com/coinfirm_io,https://www.linkedin.com/company/coinfirm,"Middlegame Ventures, SIX FinTech Ventures, Mission Gate, G1 Ventures, Alfabeat"
Beam,https://www.crunchbase.com/organization/beam-wallet,"B2B, B2C, Blockchain, Cryptocurrency, E-Commerce, Finance, Internet, Marketing, Payments, Retail","Lisbon, Lisboa, Portugal",Transforming payments and marketing for the 21st Century.,"23,867",2019-06-01,month,,https://www.beamwallet.com,https://twitter.com/beamwallet,https://www.linkedin.com/company/beam-wallet,"Sequoia Capital, Partech, Surge, Alex Cheiman"
Ziglu,https://www.crunchbase.com/organization/ziglu,"Banking, Bitcoin, Blockchain, Cryptocurrency, Financial Exchanges, Financial Services, FinTech","London, England, United Kingdom",Ziglu provides a digital platform that enables customers to exchange fiat currency for cryptocurrency.,"23,955",2022-04-19,day,,https://www.ziglu.io,https://twitter.com/ZigluMoney,https://www.linkedin.com/company/ziglu,"Eterna Capital, Angel Investment Network, AIV Capital"
Chain,https://www.crunchbase.com/organization/chain-e81f,"Blockchain, Finance, Financial Services","San Francisco, California, United States","Chain built cryptographic ledger systems to make financial services smarter, more secure, and more connected.","23,996",2018-09-01,month,,https://www.chain.com/,https://twitter.com/chain,,"BoxGroup, Khosla Ventures, Thrive Capital, Blockchain Capital, 500 Global"
Metaco,https://www.crunchbase.com/organization/metaco,"Bitcoin, Cryptocurrency, Ethereum, FinTech, Information Technology","Lausanne, Vaud, Switzerland",METACO designs institutional digital asset management solutions for the financial industry.,"24,521",2023-05-17,day,,https://metaco.com,https://www.twitter.com/metaco_sa,https://www.linkedin.com/company/metaco-ag,"Verve Ventures, Standard Chartered Bank, Avaloq, Zürcher Kantonal Bank, Swisscom"
MyCrypto,https://www.crunchbase.com/organization/mycrypto,"Blockchain, Cryptocurrency, Ethereum, Finance, Financial Services, Information Services, Information Technology, Software","Redondo Beach, California, United States","MyCrypto is an open-source, client-side tool for interacting with the blockchain. ","24,663",2022-02-01,day,,https://www.mycrypto.com,https://twitter.com/mycrypto,https://www.linkedin.com/company/mycrypto/,"Polychain, Boost VC, ShapeShift, Ausum Ventures, Lily Liu"
Nebula Genomics,https://www.crunchbase.com/organization/nebula-genomics,"Biotechnology, Blockchain, Genetics, Health Care","San Francisco, California, United States",Nebula Genomics leverages blockchain technology to eliminate middlemen and empower people to own their personal genomic data.,"25,423",2021-08-11,day,,https://www.nebula.org,https://twitter.com/NebulaGenomics,https://www.linkedin.com/company/18466471/,"Mayfield Fund, Khosla Ventures, ARCH Venture Partners, Hikma Ventures, Great Point Partners"
Liquid Global,https://www.crunchbase.com/organization/liquid-global,"Bitcoin, Cryptocurrency, Financial Services, FinTech, Information Services, Information Technology, IT Management","Tokyo, Tokyo, Japan",Liquid Global is a developer of a cryptocurrency trading platform designed to provide liquidity to the crypto economy.,"25,507",2022-02-02,day,,https://www.liquid.com/,https://twitter.com/liquid_global,https://www.linkedin.com/company/quoine/,"Bossa Invest, FTX, IDG Capital, Bitmain, JAFCO"
Factom,https://www.crunchbase.com/organization/factom,"Bitcoin, Enterprise Software, FinTech, Information Technology","Austin, Texas, United States","Factom, Inc. is a blockchain innovations company providing blockchain as a service platforms.","26,294",2021-08-02,day,,https://factom.com/,http://twitter.com/factom,http://www.linkedin.com/company/factom,"Plug and Play, Draper Associates, Tim Draper, BnkToTheFuture, Medici Ventures"
Alter,https://www.crunchbase.com/organization/facemoji,"3D Technology, Apps, Artificial Intelligence (AI), Computer Vision, Metaverse, Social Media, Virtual Goods, Web3","New York, New York, United States",Alter is an open-source platform that consists of a 3D avatar system and motion capture for web3.,"26,496",2022-10-27,day,,http://alter.xyz/,https://www.twitter.com/alter,https://www.linkedin.com/company/alterxyz,"General Catalyst, Play Ventures, Greycroft, Betaworks, X (formerly Twitter)"
Horangi,https://www.crunchbase.com/organization/horangi,"Blockchain, Cloud Security, Cyber Security, Innovation Management, Network Security, Risk Management, SaaS, Security, Software","Singapore, Central Region, Singapore",Horangi is a SaaS cybersecurity company that offers product innovation and technology designed to protect organizations.,"26,940",2023-06-28,day,,https://horangi.com,https://twitter.com/horangi_inc,https://www.linkedin.com/company/horangi/,"500 Global, Monk’s Hill Ventures, Genesis Alternative Ventures, Prasetia Dwidharma, Right Click Capital"
Easy Crypto,https://www.crunchbase.com/organization/easy-crypto,"Bitcoin, Cryptocurrency, Financial Services, Online Portals","Auckland, Auckland, New Zealand",Easy Crypto sells bitcoin and cryptocurrencies.,"28,619",2025-03-18,day,,https://www.easycrypto.com,https://x.com/EasyCrypto_EC,https://www.linkedin.com/company/easy-crypto,"Icehouse Ventures, Enterprise Angels, Seven Peaks Ventures, NZVC, GD1"
Gilded,https://www.crunchbase.com/organization/gilded,"Accounting, Blockchain, Cryptocurrency, FinTech, Web3","New Orleans, Louisiana, United States",Gilded enables web3 organizations to scale with a unified solution that eliminates the complexity of crypto payments and financial reporting,"30,140",2023-09-14,day,,https://gilded.finance,https://www.twitter.com/gildedfinance,https://www.linkedin.com/company/gilded,"Alumni Ventures, Techstars, Bonfire Ventures, Not Boring Capital, Redbeard Ventures"
Pixelmon,https://www.crunchbase.com/organization/pixelmon,"Gaming, Metaverse, Web3","New York, New York, United States",Pixelmon is a decentralized web3 gaming IP company that develops online video games.,"30,810",2023-02-28,day,,https://www.pixelmon.ai/,https://twitter.com/Pixelmon,https://www.linkedin.com/company/pixelmon,"Amber Group, Foresight Ventures, Animoca Brands, Sfermion, Mechanism Capital"
CoWSwap,https://www.crunchbase.com/organization/cowswap,"Blockchain, Cryptocurrency, Finance","Lisbon, Lisboa, Portugal",CoWSwap is the first trading interface built on top of the CoW Protocol.,"31,696",2020-02-02,day,,https://swap.cow.fi/#/swap?chain=mainnet,,,"Robot Ventures, Cherry Ventures, Hack VC, Blockchain Capital, LongHash Ventures"
ErisX,https://www.crunchbase.com/organization/erisx,"Blockchain, Financial Services, FinTech, Information Technology, Insurance, Software","Chicago, Illinois, United States",ErisX specializes in digital asset space that offers both spot and futures contracts on one platform.,"32,683",2021-10-20,day,,https://erisx.com/,https://twitter.com/ErisX_Digital,https://www.linkedin.com/company/erisx/,"Hidden Road, Valor Equity Partners, ConsenSys, Robinhood, Pantera Capital"
GK8 by Galaxy,https://www.crunchbase.com/organization/gk8,"Asset Management, Blockchain, Cyber Security, Financial Services, Software","Tel Aviv, Tel Aviv, Israel","GK8, a Galaxy (GLXY:TSX) company, provides financial institutions with the most reliable self-custody technology for digital assets","33,067",2022-12-02,day,,https://www.gk8.io/,https://x.com/GK8_Security,https://www.linkedin.com/company/gk8/,"IN Venture, Eden Block, Rafi Gidron"
Coinify,https://www.crunchbase.com/organization/coinify-com,"Bitcoin, Cryptocurrency, Developer APIs, Finance, Financial Exchanges, Financial Services, FinTech, Payments, Trading Platform, Virtual Currency","Copenhagen, Hovedstaden, Denmark","Helping businesses accelerate growth by accepting cryptocurrency payments, and buying crypto.","33,211",2021-08-02,day,,https://www.coinify.com,https://twitter.com/coinify,https://www.linkedin.com/company/coinify,"PSV, Seed Capital, Accelerace, Nordic Eye Venture Capital, SEB Venture Capital"
earlyworks,https://www.crunchbase.com/organization/earlyworks,"Blockchain, Cryptocurrency, Finance, Security, Web Design","Tokyo, Tokyo, Japan","Early Works is a Next-generation blockchain technology that realizes high speed, high scalability, and high security.","33,315",,,2023-07-25,https://e-arly.works/,https://x.com/earlyworks_ir,https://in.linkedin.com/company/e-arlyworks,"FE Invest, Bullet Group, Kyowa, Yuichi Kawasaki, AMBITION Group"
Marathon Digital Holdings,https://www.crunchbase.com/organization/marathon-patent-group,"Bitcoin, Blockchain, Cryptocurrency, Energy","Fort Lauderdale, Florida, United States","Marathon Digital Holdings specializes in digital asset computing, developing and implementing innovative technologies.","34,474",,,2012-02-09,https://www.mara.com,https://x.com/MarathonDH,https://www.linkedin.com/company/marathon-digital-holdings/,"Fortress Investment Group, Silvergate Bank"
Bison Trails,https://www.crunchbase.com/organization/bison-trails,"Blockchain, Infrastructure, Internet, Software","Brooklyn, New York, United States",Bison Trails allows the user to run secure infrastructure on multiple blockchains.,"34,622",2021-01-19,day,,https://bisontrails.co/,https://twitter.com/BisonTrails,https://www.linkedin.com/company/bison-trails/,"Kleiner Perkins, Coinbase Ventures, Blockchain Capital, Initialized Capital, Collaborative Fund"
Multis,https://www.crunchbase.com/organization/multis,"Blockchain, Consulting, Cryptocurrency, Financial Services, FinTech, Insurance, Internet, Software, Venture Capital, Web3","San Francisco, California, United States",Multis is a crypto treasury management tool designed for web3 organizations.,"35,596",2024-04-18,day,,https://multis.com,https://twitter.com/multisHQ,https://www.linkedin.com/company/13991256,"Y Combinator, Sequoia Capital, Long Journey Ventures, Coinbase Ventures, White Star Capital"
ZenSports,https://www.crunchbase.com/organization/zensports,"Cryptocurrency, Gambling, Mobile Apps, Sports","Miami, Florida, United States","Mobile sports betting against the house or peer-to-peer, using fiat or cryptocurrencies","35,636",2022-10-10,day,,http://zensports.com/,https://www.twitter.com/zensports,https://www.linkedin.com/company/zensports,"Gaingels, LAUNCH, Forum Ventures, MicroVentures, Right Side Capital Management"
IndiGG,https://www.crunchbase.com/organization/indigg,"Blockchain, Gaming, Information Technology, Online Games, Web3","Bengaluru, Karnataka, India",IndiGG is NFT based play-to-earn game in web3 frontier. IndiGG is the India sub-decentralized autonomous organization(subDAO) of YGG.,"36,452",2023-02-23,day,,https://indigg-dev.netlify.app/,https://twitter.com/YGGIndia,https://www.linkedin.com/company/indi-gg/,"Lightspeed Venture Partners, Play Ventures, Peak XV Partners, Griffin Gaming Partners, Jump Capital"
Triangle,https://www.crunchbase.com/organization/triangle-2,"B2B, Developer APIs, E-Commerce, Web3","San Francisco, California, United States","Triangle, acquired by Bridge and now Stripe is a software company that builds web3 wallet infrastructure.","36,617",2024-11-01,day,,https://www.triangleplatform.com/,https://twitter.com/triangleplatfrm,https://www.linkedin.com/company/triangleplatform/,"Social Capital, WndrCo, Collab+Currency, RareBreed Ventures, DCG Expeditions"
Luno,https://www.crunchbase.com/organization/lunomoney,"Cryptocurrency, Financial Services, Virtual Currency","London, England, United Kingdom","Luno is a global cryptocurrency firm that specializes in bitcoin, fintech, digital currencies, and financial services.","37,573",2020-09-09,day,,https://www.luno.com,https://twitter.com/lunomoney,https://www.linkedin.com/company/lunomoney/,"Digital Currency Group, Balderton Capital, Ariadne Capital Limited, Venturra, PayU GPO"
DeCurret,https://www.crunchbase.com/organization/decurret,"Cryptocurrency, Financial Services, Internet, Virtual Reality, Web Apps","Tokyo, Tokyo, Japan","DeCurret provides optimal rate of digital currency, instantly processing a large amount of currency transactions stably.","38,102",2022-02-01,day,,https://www.decurret.com/,https://twitter.com/DeCurret,,"MUFG Bank, Fujitsu, KDDI, Mitsubishi Corporation, Sumitomo Mitsui Banking Corporation"
Curv,https://www.crunchbase.com/organization/curv-5d20,"Blockchain, Cloud Computing, Cryptocurrency, Cyber Security, FinTech, Software","New York, New York, United States",Curv is a developer of digital asset security infrastructure helping crypto-native and financial institutions to create digital wallets.,"38,213",2021-03-08,day,,https://www.curv.co,https://twitter.com/curvmpc,https://www.linkedin.com/company/curv,"Franklin Templeton, Team8, Coinbase Ventures, Digital Currency Group, CommerzVentures"
Leaf,https://www.crunchbase.com/organization/leaf-global-fintech,"Blockchain, Financial Services, FinTech, Social Entrepreneurship","Lewes, Delaware, United States","Leaf is a digital wallet that enables the unbanked to store, send, receive, and exchange currencies on their phones— no smartphone required.","38,582",2022-03-14,day,,http://www.leafglobalfintech.com/,https://twitter.com/LeafGlobalTech/,https://www.linkedin.com/company/leaf-global-fintech/about/,"National Science Foundation, Techstars, Catalyst Fund, NSF Small Business Innovation Research / Small Business Technology Transfer (SBIR/STTR), Colorado Office of Economic Development and International Trade"
Authenteq - an FNZ company,https://www.crunchbase.com/organization/authenteq,"Asset Management, Banking, Blockchain, Compliance, Cryptocurrency, FinTech, Insurance, Machine Learning, Software, Wealth Management","Reykjavík, Gullbringusysla, Iceland","Authenteq is the world’s first fully automated KYC identity verification platform. Verify identities instantly, onboard users in 35 seconds.","39,321",2022-11-01,month,,https://onboarding.fnz.com/solutions/id-verification,https://twitter.com/FNZ_Group,https://www.linkedin.com/company/fnz/,"Draper Associates, 3VC, NAP, Startupbootcamp, EASME"
Fortress Blockchain Technologies,https://www.crunchbase.com/organization/fortress-blockchain-technologies,"Blockchain, Financial Services, FinTech, Mobile Payments","Las Vegas, Nevada, United States","Financial, regulatory and technology infrastructure for NFT and crypto innovators","40,228",2023-09-08,day,,https://fortress.io/,https://twitter.com/Fortress_io,https://www.linkedin.com/company/fortressblocktech,"Ayon Capital, Soaring Investment Management"
Byte Trading,https://www.crunchbase.com/organization/byte-trading,"Cryptocurrency, Finance, Financial Services, Information Technology, Software","London, England, United Kingdom",Byte is an algorithmic market maker in digital assets.,"40,795",2025-02-14,day,,https://byte-trading.com/,https://twitter.com/byte_trading,https://www.linkedin.com/company/byte-trading/,"redalpine, L1D, Possible Ventures, D4 Ventures"
SolanaFM,https://www.crunchbase.com/organization/solanafm,"Blockchain, Information Services","Singapore, Central Region, Singapore",SolanaFM provides blockchain indexing and analytical services to quickly capture and analyze data.,"42,310",2024-09-20,day,,https://solana.fm/?cluster=mainnet-qn1,https://twitter.com/solanafm,https://www.linkedin.com/company/solanafm,"Sygnum, CoinHako, The Spartan Group, Mirana, Zee Prime Capital"
Bonifii,https://www.crunchbase.com/organization/culedger,"Blockchain, Call Center, Financial Services, Information Technology","Denver, Colorado, United States","Bonifii operates as a credit union service organization focusing on the credential exchange, information exchange, and value exchange.","44,876",2024-12-20,day,,https://bonifii.com/,https://twitter.com/CULedger,https://www.linkedin.com/company/bonifiiofficial/,Careismatic Brands
Toposware,https://www.crunchbase.com/organization/toposware,"Blockchain, Information Technology, Software","Boston, Massachusetts, United States",Toposware develops a fully interoperable blockchain ecosystem powered by zero-knowledge proofs.,"46,307",2024-06-04,day,,https://toposware.com/,https://twitter.com/toposware,https://www.linkedin.com/company/toposware/,"Evolution Equity Partners, Triatomic Capital, K2 Access Fund, Sandeep Nailwal, Digital Hollywood"
BRD,https://www.crunchbase.com/organization/brd,"Bitcoin, Cryptocurrency, Financial Services, FinTech, Mobile Payments, Software, Virtual Currency","Zürich, Zurich, Switzerland",BRD is a financial software company specializing in blockchain-enabled mobile applications for cryptocurrency management.,"48,729",2021-11-25,day,,https://brd.com/,https://x.com/brdhq,https://www.linkedin.com/company/breadwallet/,"East Ventures, Liberty City Ventures, Saison Ventures, Xpring, Das Capital"
Swarmio Media,https://www.crunchbase.com/organization/ubique,"Blockchain, Cloud Computing, Cloud Infrastructure, eSports, Ethereum, Information Technology, Software","Sydney, Nova Scotia, Canada",Swarmio Media is an innovative technology company delivering a network intelligence and optimization platform,"49,293",,,2021-11-22,https://swarmio.media,https://twitter.com/ubiquenetworks,https://www.linkedin.com/company/swarmiomedia/,"Government of Canada, Innovacorp, Extreme Venture Partners, Apelby Investments"
Enry's Island SpA,https://www.crunchbase.com/organization/enry-s-island-worldwide-distributed-platform-for-startup-incubation-acceleration,"Blockchain, Cryptocurrency, Incubators, Internet of Things, Web Apps, Web3","Tremiti, Puglia, Italy",Enry’s Island S.p.A. is the first and only Venture Builder in the world listed in a Stock Exchange.,"49,565",,,2023-04-11,http://enrysisland.com,https://twitter.com/EnrysIsland,https://www.linkedin.com/company/enry's-island/,"Key Capital, LDA Capital"
OpenFinance,https://www.crunchbase.com/organization/openfinance-network,"Cryptocurrency, Financial Services, Trading Platform","Chicago, Illinois, United States",OpenFinance is a secondary market trading platform for digital alternative assets.,"50,726",2020-10-28,day,,https://www.openfinance.io/,https://twitter.com/openfinanceio,https://www.linkedin.com/company/openfinance-network/,"SixThirty, HTX, M25, West Loop Ventures, ODIG"
NODE40,https://www.crunchbase.com/organization/node40-llc,"Blockchain, Financial Services, FinTech, Information Technology","Albany, New York, United States",NODE40 is a SaaS analytics platform that captures operational and economic context of digital asset transactions for financial reporting.,"52,453",2018-01-30,day,,https://www.node40.com,https://www.twitter.com/node_40,https://www.linkedin.com/company/node40,"Hub Angels Investment Group, Card1Ventures"
Hut 8 Corp.,https://www.crunchbase.com/organization/hut-8,"Blockchain, Cryptocurrency, Mining","Toronto, Ontario, Canada",Hut 8 Corp. is a cryptocurrency mining and blockchain infrastructure company focused on digital asset mining.,"53,180",,,2019-10-08,https://hut8.com,,https://www.linkedin.com/company/hut8corp,"Coinbase, Coatue, Trinity Capital, Fidelity International, Gravitas Securities"
DMarket,https://www.crunchbase.com/organization/dmarket,"Blockchain, Digital Entertainment, FinTech, Gaming, Internet, Marketplace, Metaverse","Santa Monica, California, United States",DMarket is a marketplace for NFTs trading and technology for building metaverses.,"54,172",2023-01-25,day,,https://dmarket.com,https://twitter.com/dmarket_com,https://www.linkedin.com/company/18149400/,"Pantera Capital, Almaz Capital, Xsolla, Fulgur Ventures, Alexis Berthoud"
Amino Payments,https://www.crunchbase.com/organization/amino-2,"Blockchain, Financial Services, Payments","Philadelphia, Pennsylvania, United States","Amino is a payments company bringing transparency to online advertising by eliminating fraud, waste, and abuse.","54,270",2021-01-14,day,,https://www.aminopay.com/,https://www.twitter.com/aminopay,https://www.linkedin.com/company/amino-payments,"First Round Capital, Nyca Partners, AperiamVentures, Western Technology Investment, Auren Hoffman"
Membrane Finance,https://www.crunchbase.com/organization/membrane-finance,"Blockchain, Cryptocurrency, Financial Services, IT Infrastructure, Software, Web3","Helsinki, Southern Finland, Finland","Membrane issues a MiCAR-compatible euro stablecoin, EUROe, and provides BaaS services for crypto companies","54,410",2024-11-19,day,,https://www.membrane.fi,https://twitter.com/EUROemoney,https://www.linkedin.com/company/membrane-finance,Maki.vc
Staging Labs,https://www.crunchbase.com/organization/staging-labs,"Blockchain, Cryptocurrency, Cyber Security, Software","Miami, Florida, United States",Staging Labs making crypto safe and easy to use.,"57,965",2024-06-04,day,,https://www.staginglabs.io/,https://twitter.com/Staging_Labs,https://www.linkedin.com/company/staging-labs/,"Gaingels, Flourish Ventures, The General Partnership, NGC Ventures, Longterm Ventures"
Gem,https://www.crunchbase.com/organization/gem,"Cryptocurrency, FinTech, Internet, Security, Software","Venice, California, United States",Gem is a cryptocurrency and blockchain technology.,"58,085",2022-03-09,day,,http://gem.co,https://twitter.com/gemhq,https://www.linkedin.com/company/gem-hq,"First Round Capital, Blockchain Capital, Compound, Pelion Venture Partners, Digital Currency Group"
Trustology,https://www.crunchbase.com/organization/trustology,"Blockchain, Cryptocurrency, FinTech, Information Technology, Virtual Currency","London, England, United Kingdom",Trustology is building a custody platform to safeguard your crypto assets.,"58,532",2022-02-22,day,,https://www.trustology.io,https://twitter.com/TrustologyIO,https://www.linkedin.com/company/trustology,"ConsenSys, Two Sigma Ventures, ConsenSys Mesh"
IPaidThat,https://www.crunchbase.com/organization/ipaidthat,Blockchain,"Paris, Ile-de-France, France","IPaidThat automatically imports the invoices you receive, and compare them with your bank transactions.","59,728",2024-09-18,day,,https://ipaidthat.io/en/,https://twitter.com/IPaidThat,https://www.linkedin.com/company/ipaidthat/,"Bpifrance, Truffle Capital, Adelie"
Jet Protocol Holdings,https://www.crunchbase.com/organization/jet-protocol-holdings,"Blockchain, Financial Services, FinTech, Lending","Greenwich, Connecticut, United States",Jet Protocol Holdings is an operator of a lending platform.,"60,969",2024-10-29,day,,https://jetprotocol.io,https://twitter.com/jetprotocol,https://www.linkedin.com/company/jetprotocol,"Robot Ventures, Reciprocal Ventures, GSR, Three Arrows Capital, ParaFi Capital"
Arise Travel,https://www.crunchbase.com/organization/arise-technology,"Blockchain, Hotel, Travel","San Francisco, California, United States",Arise Travel is a Modern infrastructure for the travel industry.,"62,239",2025-02-28,day,,https://arise.travel/,https://twitter.com/AriseTechnology,https://www.linkedin.com/company/arise.travel/,"Unshackled Ventures, Market One Capital, Varsha Rao, The Refiners, Innovation Nest"
HolyWally,https://www.crunchbase.com/organization/holywally,"B2B, Banking, Cryptocurrency, Financial Services, FinTech, Mobile Payments, Payments","Singapore, Central Region, Singapore","HolyWally is a service platform that combines adaptability, rapid scalability, and optimized user experience.","63,232",2024-08-15,day,,https://www.holywally.com,,https://www.linkedin.com/company/holywally/,"M-DAQ, Zenus Bank, Hackquarters, Creitive, Finmirai"
Vinter,https://www.crunchbase.com/organization/vinter-capital,"Cryptocurrency, Financial Services, FinTech","Stockholm, Stockholms Lan, Sweden",Vinter is a regulated index provider specialized in crypto assets.,"64,908",2024-11-12,day,,https://vinter.co,https://twitter.com/vinterco,https://www.linkedin.com/company/vinterco/,"Octopus Ventures, Techstars, Gorilla Capital, Sting, Propel Capital"
Cambridge Blockchain,https://www.crunchbase.com/organization/cambridge-blockchain,"Blockchain, Cyber Security, Financial Services, FinTech, Identity Management, Information Technology, Privacy, Software","Cambridge, Massachusetts, United States",Cambridge Blockchain develops blockchain-based identity management and compliance software solutions for financial institutions.,"65,494",2020-12-01,day,,http://www.cambridge-blockchain.com/,https://twitter.com/C_Blockchain,https://www.linkedin.com/company/cambridge-blockchain-llc,"Flourish Ventures, Partech, Digital Currency Group, PayPal Ventures, Future Perfect Ventures"
TAP Network,https://www.crunchbase.com/organization/tap-coin,"Banking, Big Data, Blockchain, E-Commerce, FinTech, Loyalty Programs, Marketplace","New York, New York, United States",TAP Network is a technology company building blockchain powered software for enterprise clients.,"66,568",2023-04-04,day,,https://mytaprewards.com,https://twitter.com/mytaprewards,https://www.linkedin.com/company/mytaprewards,"Warner Music Group, Access Industries, Hard Yaka, Bill Tai, Nima Capital"
Mint Songs,https://www.crunchbase.com/organization/mint-songs,"Blockchain, Cryptocurrency, Information Technology, Music, Web3","Washington, District of Columbia, United States",Mint Songs is the largest music NFT marketplace helping music artists build web3 communities,"68,186",2023-02-15,day,,http://mintsongs.com/,https://twitter.com/mintsongs,https://www.linkedin.com/company/mint-songs,"Goodwater Capital, Coinbase Ventures, Castle Island Ventures, Freestyle Capital, Dapper Labs"
First Group,https://www.crunchbase.com/organization/first-group,"Blockchain, Cryptocurrency, Finance, Financial Services, FinTech, Information Technology, Payments, Software","Giv'atayim, Tel Aviv, Israel",First Group is a financial service providing company.,"70,641",2022-02-16,day,,https://www.firstdag.com,https://mobile.twitter.com/first_dag,https://www.linkedin.com/company/firstdag/,"Target Global, Mangrove Capital Partners, Scale-Up, Ronald Cohen"
BastionZero,https://www.crunchbase.com/organization/commonwealth-crypto,"Cryptocurrency, Information Technology","Boston, Massachusetts, United States",BastionZero is developing technology to allow traders to maintain custody of their coins while trading at a cryptocurrency exchange,"71,441",2024-05-30,day,,https://www.bastionzero.com,https://twitter.com/getBastionZero,https://www.linkedin.com/company/bastionzero,"Underscore VC, Akamai Technologies, Highland Capital Partners, Dell Technologies Capital, Notation Capital"
Quadrant,https://www.crunchbase.com/organization/quadrant,"Artificial Intelligence (AI), Big Data, Blockchain, Compliance, Enterprise Applications, Geospatial, Information Technology, Location Based Services, Real Time, Software","Singapore, Central Region, Singapore",Quadrant provides an online platform that helps users to find charts and share economic data in a faster and more convenient way.,"71,446",2021-08-25,day,,https://quadrant.io/,https://twitter.com/quadrant_io,https://www.linkedin.com/company/quadrantio/,"Wavemaker Partners, JFDI.Asia"
Validated ID,https://www.crunchbase.com/organization/validated-id,"Blockchain, E-Signature, Identity Management, Information Technology, Legal Tech, Productivity Tools, SaaS, Security, Software","Barcelona, Catalonia, Spain","Validated ID helps businesses bring security, trust, efficiency and legal compliance to customer identity verification and agreements.","71,755",2025-02-06,day,,http://validatedid.com,http://twitter.com/validatedID,https://www.linkedin.com/company/validated-id,"Criteria Venture Tech, Blockchers, Randstad Innovation Fund, Cuatrecasas Ventures"
Learning Machine Technologies,https://www.crunchbase.com/organization/learning-machine,"Blockchain, Education, Government, Human Resources, Identity Management, SaaS","New York, New York, United States","Blockchain, SaaS, Digital Credentials, Identity Docs, Blockchain, Enterprise","72,744",2020-02-05,day,,http://www.learningmachine.com,https://www.twitter.com/learningmach1,https://www.linkedin.com/company/2137722/,"Learn Capital, Omidyar Network, PTB Ventures"
modum,https://www.crunchbase.com/organization/modum,"Blockchain, Cryptocurrency, Information Technology, Internet, Life Science, Supply Chain Management, Virtual Currency","Zürich, Zurich, Switzerland",Ensuring drug safety with blockchain technology.,"72,849",2021-06-08,day,,https://www.modum.io,https://www.twitter.com/modum_io,https://www.linkedin.com/company/modum.io-ag,"Venture Kick, Kickstart Innovation, Andreas Schwartz"
BTC Digital,https://www.crunchbase.com/organization/meten,"Blockchain, Education, Metaverse","Shenzhen, Guangdong, China",BTC Digital is a blockchain and metaverse technology company.,"73,149",,,2020-03-31,https://btct.investorroom.com,,,"Fortune Venture Capital, CICC, Azimut Holding, Shenzhen Guozhong Venture Capital Management, DGC"
Bits,https://www.crunchbase.com/organization/bits-af10,Cryptocurrency,"Las Vegas, Nevada, United States",Bits set up automatic investments at regular intervals within the Bits app to strengthen the value of your micro-investments.,"77,180",2024-11-19,day,,https://www.bitscrypto.com/,,https://www.linkedin.com/company/bitscrypto/about/,"Founders, Inc., Founders Committee Ventures"
BitOasis,https://www.crunchbase.com/organization/bitoasis,"Bitcoin, Cryptocurrency, Financial Services, FinTech, Payments","Dubai, Dubai, United Arab Emirates","BitOasis is a cryptocurrency trading platform offering a digital asset wallet and exchange to buy, sell, and trade.","79,505",2024-07-03,day,,http://bitoasis.net,https://twitter.com/bitoasis,https://www.linkedin.com/company/bitoasis-technologies-fze/about/,"Digital Currency Group, Global Founders Capital, Pantera Capital, CoinDCX, 1776 Ventures"
Golden,https://www.crunchbase.com/organization/golden-2cb6,"Artificial Intelligence (AI), Blockchain, Machine Learning, Natural Language Processing, Software","Claymont, Delaware, United States",Golden is a developer of a self-constructing knowledge database used to accelerate discovery and education.,"80,100",2024-04-24,day,,https://golden.com,https://twitter.com/Golden,https://www.linkedin.com/company/golden-recursion-inc/,"Andreessen Horowitz, Founders Fund, Quiet Capital, FalconX, Bossa Invest"
Wasder,https://www.crunchbase.com/organization/wasder,"Blockchain, Communities, Gaming, Information Technology, Web3","Stockholm, Stockholms Lan, Sweden",Wasder is a software company that develops personalized mobile gaming apps and social media tools that engage gamers in conversation.,"80,263",2023-11-27,day,,https://www.wasder.gg,https://twitter.com/wasdergg,https://www.linkedin.com/company/wasder-ab/,M2 Asset Management
Tech Bureau,https://www.crunchbase.com/organization/tech-bureau-inc-,"Cryptocurrency, FinTech, Security","Osaka, Osaka, Japan",Tech Bureau provides cryptographic currency and Blockchain technology using exchange API to handle currency encryption.,"80,495",2018-11-22,day,,http://techbureau.jp,,https://www.linkedin.com/company/tech-bureau-corp.,"JAFCO, Hiroshima Venture Capital, Arara, Asteria, Nippon Technology Venture Partners"
Qori,https://www.crunchbase.com/organization/qori-6fac,"Cryptocurrency, Financial Services, Payments, Retail, Service Industry","Paris, Ile-de-France, France",Qori is a pioneer mobile payment solution allowing brick and mortattr merchants to cost-effectively accept bank and crypto payments.,"82,487",2023-03-15,day,,http://www.qori.me/,,https://www.linkedin.com/company/qori-me/?viewAsMember=true,"Systema, Firestartr, Hottinger Group, Golden Record Ventures, T0 Ventures"
Mediachain,https://www.crunchbase.com/organization/mediachain,"Art, Blockchain, Cryptocurrency, Digital Media, Social Media Marketing","Brooklyn, New York, United States",Mediachain automatically connects media to its creator and information about it.,"83,196",2017-04-26,day,,http://www.mediachain.io/,https://twitter.com/mediachain_,https://www.linkedin.com/company/mediachain-labs-logo/,"Andreessen Horowitz, Union Square Ventures, Digital Currency Group, LDV Capital, RRE Ventures"
Loco,https://www.crunchbase.com/organization/the-loco-app,"Apps, Blockchain, Gaming, Video Streaming","Mumbai, Maharashtra, India",Loco is an Indian game streaming platform.,"84,958",2024-09-26,day,,https://www.loco.gg/,https://twitter.com/getloconow,https://www.linkedin.com/company/loco-india,"3one4 Capital, Krafton, Makers Fund, Korea Investment Partners, Lumikai"
Stablehouse,https://www.crunchbase.com/organization/stablehouse,"Cryptocurrency, Financial Exchanges, Financial Services, Information Technology","Hamilton, Hamilton, Bermuda","Investment platform for individuals and institutions who seek innovative, sustainable, and compliant opportunities through digital assets.","87,352",2023-08-10,day,,https://www.stablehouse.com,https://twitter.com/stablehouse,https://www.linkedin.com/company/stablehouse,"Dragonfly, Liberty City Ventures, Lukka, XBTO Group, John O'Brien"
Canaan Creative,https://www.crunchbase.com/organization/canaan-creative,"Bitcoin, Electronics, Information Technology, Manufacturing, Semiconductor, Software","Beijing, Beijing, China",Canaan Creative is a producer of Blockchain servers and solutions for repetition ASIC chips.,"87,824",2016-06-08,day,2019-11-22,https://canaan.io,https://twitter.com/canaanio,https://www.linkedin.com/company/%E5%98%89%E6%A5%A0%E8%80%98%E6%99%BA/,"Tunlan Investment, Fundamental Labs, Jinjiang International, Baopu Asset Management"
SafeWire,https://www.crunchbase.com/organization/safechain-llc,"Blockchain, Government, Real Estate, Software","Columbus, Ohio, United States",SafeWire provides software to title companies to combat wire fraud in real estate transactions.,"94,339",2021-12-13,day,,https://safewire.com,https://www.twitter.com/safechain_io,https://www.linkedin.com/company/safechain-financial-llc/,"Rev1 Ventures, M25, Aspect Ventures, Social Capital, Precursor Ventures"
N3TWORK,https://www.crunchbase.com/organization/n3twork,"Analytics, Blockchain, Casual Games, Developer Platform, Gamification, Gaming, Mobile Apps, Publishing, Software, Video Games","San Francisco, California, United States","Creating, publishing, and scaling the very best in mobile games.","95,457",2022-01-13,day,,http://www.n3twork.com,,https://www.linkedin.com/company/n3twork-studios-inc,"Floodgate, Kleiner Perkins, Griffin Gaming Partners, Korea Investment Partners, Galaxy Interactive"
Grayscale Bitcoin Trust,https://www.crunchbase.com/organization/grayscale-bitcoin-trust,"Bitcoin, Blockchain, Finance, Financial Services","New York, New York, United States",Grayscale Bitcoin Trust is a digital currency investment company providing a familiar structure for financial and tax advisors.,"98,147",,,2015-05-25,https://grayscale.com,,https://www.linkedin.com/company/grayscale-investments/,"ARK Investment Management, BlockFi, Rothschild Investment Corporation"
StrongSalt,https://www.crunchbase.com/organization/overnest-inc,"Blockchain, Cloud Security, Computer, Enterprise Applications, Enterprise Software, Internet, Privacy, Security, Software","San Jose, California, United States","StrongSalt is building a secure team communication application providing encrypted messaging, archiving, and search for innovative teams.","99,962",2022-02-15,day,,https://www.strongsalt.com/index.html,https://twitter.com/getstrongsalt,https://www.linkedin.com/company/strongsalt/,"Fusion Fund, UpHonest Capital, DHVC, Valley Capital Partners, Wei Guo"
StreetCred,https://www.crunchbase.com/organization/streetcred,"Blockchain, Data Integration, Location Based Services, Mapping Services","New York, New York, United States",StreetCred offers accessible data for places people care about.,"102,538",2021-01-11,day,,https://www.streetcred.co/,https://twitter.com/streetcredlabs,https://www.linkedin.com/company/streetcredlabs,"Wonder Ventures, Bowery Capital, Notation Capital, Studio VC, Nicholas Chirls"
paymennt.com,https://www.crunchbase.com/organization/pointcheckout,"Cryptocurrency, FinTech, Payments","Abu Dhabi, Abu Dhabi, United Arab Emirates","Paymennt is a mobile-first payments platform allowing businesses to accept payments online, in person, or through payment links.","102,640",2023-02-14,day,,https://www.paymennt.com,https://twitter.com/paymennt,https://www.linkedin.com/company/paymenntcom,"500 Global, Oraseya Capital, Sheraa Sharjah, Arzan Venture Capital, HALA Ventures"
Purse,https://www.crunchbase.com/organization/purse-io,"Bitcoin, Cryptocurrency, FinTech","San Francisco, California, United States",Purse provides real incentive to use Bitcoin to the largest selection at the lowest price points.,"103,463",2023-06-30,day,,https://purse.io,http://twitter.com/purseio,http://www.linkedin.com/company/purseio,"Plug and Play, Strong Ventures, Digital Currency Group, FundersClub, Digital Finance Group (DFG)"
Proxy,https://www.crunchbase.com/organization/martians,"Augmented Reality, Blockchain, Consumer, Identity Management, Information Technology, Mobile, Mobile Apps, Software","San Francisco, California, United States","Access More, Share Less. Proxy designs and builds privacy-first, human-led, identity technologies. With Proxy ID, your world is now open.","109,761",2023-05-09,day,,https://proxy.co/,,https://www.linkedin.com/company/proxy-technologies/,"Y Combinator, Coatue, Kleiner Perkins, Blackbird Ventures, Silicon Valley Bank"
iChain,https://www.crunchbase.com/organization/ichain-inc,"Blockchain, Insurance, InsurTech, Internet of Things","Tokyo, Tokyo, Japan",iChain is an insurtech company that develops and markets software related to the insurance sector as well as offers consulting services.,"109,893",2016-07-22,day,,https://www.ichain.co.jp/index_en.html,https://x.com/ichaininc,https://www.linkedin.com/company/ibeed/,"Consensus Base, Internetworking & Broadband Consulting, Garcia & Company, Yasunari Goto"
Kik,https://www.crunchbase.com/organization/kik-interactive,"Apps, Cryptocurrency, Messaging, Mobile, Social Media, Video Chat, Wireless","Waterloo, Ontario, Canada","Kik lets users connect with friends, groups, and the world around them through chat.","111,279",2019-10-19,day,,http://kik.com/,http://twitter.com/kik,http://www.linkedin.com/company/kik-interactive-inc,"Union Square Ventures, Spark Capital, Foundation Capital, Tencent, SV Angel"
Wuzu,https://www.crunchbase.com/organization/wuzu,"Cryptocurrency, Internet","Curitiba, Parana, Brazil",Wuzu is a liquidity and technology provider that connects multiple exchanges on the same matching engine.,"111,810",2022-03-06,day,,http://wuzu.io,https://twitter.com/wuzumxn,https://www.linkedin.com/company/wuzu/,"Bossa Invest, CapTable, SuperJobs, Duxx Investimentos, 100 Open Angels"
BC Group,https://www.crunchbase.com/organization/branding-china-group,"Blockchain, Financial Services, Marketing","Causeway Bay, Hong Kong Island, Hong Kong",BC Group is a holding company that specializes in digital assets and blockchain platforms.,"113,338",,,2012-04-27,https://bc.group,https://twitter.com/bctechgroup,https://www.linkedin.com/company/bctechgroup,"GIC, Fidelity International, BGX"
Thred Technologies,https://www.crunchbase.com/organization/thred-technologies,"Artificial Intelligence (AI), Cryptocurrency, Search Engine","Seattle, Washington, United States",Thred Technologies is an AI-powered NFT search and discovery platform that is currently in private beta.,"122,985",2023-05-23,day,,https://thred.xyz/,,https://www.linkedin.com/company/thredtechnologies,"Brightloom, Augeo Marketing, Kindergarten Ventures"
Anyblock Analytics,https://www.crunchbase.com/organization/anyblock-analytics,"Analytics, Blockchain","Mainz, Rheinland-Pfalz, Germany","Anyblock Analytics is a blockchain solution provider that integrates blockchain in business processes by providing methods, tools and data.","124,907",2021-11-17,day,,https://www.anyblockanalytics.com/,https://twitter.com/AnyblockTools,https://www.linkedin.com/company/anyblockanalytics/,"VentureOut, Accelerator Frankfurt, ISB development bank"
Curisium,https://www.crunchbase.com/organization/curisium,"Blockchain, Health Care","Manhattan Beach, California, United States",Innovative Healthcare Contracting,"128,330",2020-07-20,day,,http://www.curisium.com,https://twitter.com/curisium,https://www.linkedin.com/company/curisium/,"New Enterprise Associates, Flare Capital Partners, Green Bay Ventures, Sanofi Ventures, Shuttle Fund"
Bitski,https://www.crunchbase.com/organization/bitski,"Apps, Blockchain, Content Creators, Cryptocurrency, Non-Fungible Token (NFT)","San Francisco, California, United States",Bitski provides blockchain wallet infrastructure for creating and selling NFTs.,"129,768",2024-05-21,day,,https://www.bitski.com,https://twitter.com/bitski,https://www.linkedin.com/company/bitski,"Andreessen Horowitz, Village Global, Founders Fund, Coinbase Ventures, SV Angel"
Nabu Studio,https://www.crunchbase.com/organization/nabu-studio,"Blockchain, Fantasy Sports, Gaming","Seongnam, Kyonggi-do, South Korea",A company that develops a blockchain-based sports platform,"132,631",2021-12-01,month,,https://nabustudio.co.kr/,,https://www.linkedin.com/company/nabu-studio,Devsisters Ventures
Forkast.News,https://www.crunchbase.com/organization/forkast-news,"Blockchain, Digital Media, News, Online Portals","Hong Kong, Hong Kong Island, Hong Kong","Forkast.News is a digital media platform covering blockchain and emerging tech at the intersection of business, economy, and politics.","134,520",2023-01-17,day,,http://www.forkast.news,https://twitter.com/Forkast_News,https://www.linkedin.com/company/forkastnews/,"Animoca Brands, Alibaba Entrepreneurs Fund, CMCC Global, AMTD Group, Fenbushi Capital"
Token IQ,https://www.crunchbase.com/organization/token-iq,"Blockchain, Financial Services, FinTech, Information Technology","Scottsdale, Arizona, United States","They at Token IQ is a financial services company that specializes in fintech, cryptocurrency, and compliance.","136,452",2021-08-25,day,,https://tokeniq.io/,,https://www.linkedin.com/company/tokeniq-io/,Profectus Financial
Stakes,https://www.crunchbase.com/organization/stakes,"Blockchain, Cryptocurrency, Mobile Apps, Social Media, Sports","New York, New York, United States",Stakes is a social wagering platform for NFTs that transforms sports betting into a more social activity,"145,394",2024-04-16,day,,https://www.playwithstakes.com,https://twitter.com/playwithstakes,https://www.linkedin.com/company/playwithstakes,"Digital Currency Group, Matrixport, Cadenza Ventures, LD Capital, Visary Capital"
Solar Site Design,https://www.crunchbase.com/organization/solar-site-design,"Blockchain, Clean Energy, Digital Media, Energy, Energy Storage, Enterprise Software, Renewable Energy, Solar","Nashville, Tennessee, United States",Its mission is to offer the Solar Site Design information technology platform to solar professionals worldwide.,"148,050",2021-12-01,day,,http://solarsitedesign.com,http://twitter.com/solarsitedesign,https://www.linkedin.com/company/solar-site-design,"VilCap Investments, ImpactAssets, InCrowd Capital, Fortnum Capital"
Dharma Labs,https://www.crunchbase.com/organization/dharma-labs,"Blockchain, Credit, FinTech, Lending, Peer to Peer","San Francisco, California, United States",Dharma Labs is a protocol for generic tokenized debt agreements.,"151,093",2022-01-17,day,,https://dharma.io/,https://twitter.com/Dharma_HQ,https://www.linkedin.com/company/dharma-protocol/,"Y Combinator, Coinbase Ventures, Cantos, Lemniscap, FinTech Collective"
Huoxun,https://www.crunchbase.com/organization/hxuoun-com,"Blockchain, Media and Entertainment, News","Beijing, Beijing, China",Huoxun is an integrated media service platform in the blockchain industry.,"156,585",2022-08-06,day,,http://huoxun.com/,,,"Huaying, JD Capital, Asch, Oukai Lianchuang Network Technology, Fanshun Technology"
Omniex,https://www.crunchbase.com/organization/omniex,"Blockchain, Cryptocurrency, Finance, Financial Services, FinTech, Software, Trading Platform","San Francisco, California, United States","Omniex develops software infrastructure that integrates front, middle, and back-office services to simplify access and remove fragmentation.","158,771",2022-01-19,day,,https://omniex.io,https://twitter.com/OmniexInc,https://www.linkedin.com/company/omniexinc/,"Digital Currency Group, Sierra Ventures, Jump Capital, Clocktower Technology Ventures, SIX"
Farm Trust,https://www.crunchbase.com/organization/farm-trust,"Blockchain, E-Commerce, Retail","Tunis, Tunis, Tunisia",Farm Trust is an E-commerce platform for fruits and vegetables that provide traceability through blockchain.,"162,278",2021-12-08,day,,https://farmtrust.tn/,,https://www.linkedin.com/company/farm-trust/,"Flat6Labs Tunisia, Yunus Social Business, Oxfam’s Enterprise Development Programme, Smart Capital"
Earn.com,https://www.crunchbase.com/organization/earn-com,"Bitcoin, Cryptocurrency, Email, FinTech, Internet, Social Network, Virtual Currency","San Francisco, California, United States",Earn money for replying to emails and completing tasks.,"163,489",2018-04-16,day,,https://earn.com/,https://x.com/earndotcom,https://www.linkedin.com/company/18311064/,"Andreessen Horowitz, Khosla Ventures, Founders Fund, Pantera Capital, Qualcomm Ventures"
iCandy Interactive Limited,https://www.crunchbase.com/organization/icandy-interactive-limited,"Digital Entertainment, Mobile, Web3","Melbourne, Victoria, Australia",iCandy Group is one of Southeast Asia's largest game developer - developing cross-platform conventional and Web3 games,"163,635",,,2016-02-04,http://www.icandy.io,https://twitter.com/icandyinteract,https://www.linkedin.com/company-beta/6583196/,"Animoca Brands, Fatfish Internet Group"
GameOn,https://www.crunchbase.com/organization/gameon-8dd7,"Blockchain, Consumer Applications, Cryptocurrency, Fantasy Sports, Gaming","Vancouver, British Columbia, Canada","GameOn creates games that utilize NFTs, predictive gaming, and fantasy elements, all crafted to optimize fan involvement.","168,866",2020-09-18,day,2021-06-01,https://gameon.app,https://twitter.com/gameonfanapp,https://www.linkedin.com/company/gameonfanapp,"Techstars, HBAR Foundation, Jackson Moses, Flow, Arbitrum"
BitOfProperty,https://www.crunchbase.com/organization/bitofproperty,"Blockchain, Crowdfunding, FinTech, Real Estate, Real Estate Investment","Tallinn, Harjumaa, Estonia",BitOfProperty is an alternative real estate investment platform for passive income.,"171,483",2021-11-14,day,,http://www.bitofproperty.com,https://twitter.com/BitOfProperty,https://www.linkedin.com/company/15253847/,"Startup Spaze, Lifull"
Visualeo,https://www.crunchbase.com/organization/visualeo,"Apps, Blockchain, Data Visualization, Information Technology","Madrid, Madrid, Spain","Visualeo is a tool, which helps people and companies to know the status of a product or property at a distance. ","181,266",2021-06-23,day,,https://www.visualeo.com/,https://twitter.com/visualeo,https://www.linkedin.com/company/visualeo/,Cabiedes & Partners
Linius Technologies,https://www.crunchbase.com/organization/linius-technologies,"Advertising, Artificial Intelligence (AI), Blockchain, Developer Tools, Digital Marketing, Machine Learning, PaaS, Software","South Yarra, Victoria, Australia",Linius Technologies develops the Video Virtualization Engine™ which virtualizes video services and artificial intelligence in the cloud.,"188,251",2003-03-04,day,2016-05-09,http://www.linius.com,https://www.twitter.com/linius_tech,https://www.linkedin.com/company/1305556/,"Fidelity, Nautic Partners, MassVentures, Bergen Asset Management, Eli Capital"
Forge Platform,https://www.crunchbase.com/organization/forge-platform,Ethereum,"Woodland, California, United States",Forge Platform provides real-time and historical insights for ethereum based projects.,"189,563",2019-01-01,day,,http://forgeplatform.com/,,,"Upfront Ventures, Manta Ray Ventures"
Xun Yao Chengdu,https://www.crunchbase.com/organization/xun-yao-chengdu,"Big Data, Blockchain, Information Technology","Chengdu, Sichuan, China",Xun Yao Chengdu is a blockchain and data security monitoring platform.,"204,098",2018-05-18,day,,http://www.mrray.cn/,,https://www.linkedin.com/company/%E8%BF%85%E9%B3%90%E6%88%90%E9%83%BD%E7%A7%91%E6%8A%80%E6%9C%89%E9%99%90%E5%85%AC%E5%8F%B8/,"GSUM Fund Management, Xingshu Keji (Shenzhen) Youxian Gongsi"
3iQ,https://www.crunchbase.com/organization/3iq,"Cryptocurrency, Financial Services","Toronto, Ontario, Canada",3iQ is a Canadian investment fund manager focused on providing innovative investment products of institutional quality.,"206,798",2023-12-28,day,2020-04-09,https://3iq.ca/,https://twitter.com/3iq_corp,https://in.linkedin.com/company/3iq-corp,Exponential Ventures
Multi Commodity Exchange of India Ltd,https://www.crunchbase.com/organization/mcx,"Bitcoin, Blockchain, Financial Services, FinTech, Precious Metals, Trading Platform","Mumbai, Maharashtra, India","India’s first listed exchange, is a state-of-the-art, commodity futures exchange","208,973",,,2012-03-09,http://www.mcxindia.com/,https://www.twitter.com/mcxindialtd,https://www.linkedin.com/company/multi-commodity-exchange-of-india,Brand Capital
US Bitcoin Corp,https://www.crunchbase.com/organization/us-bitcoin-corp,"Bitcoin, Cryptocurrency, Data Mining","Miami, Florida, United States","US Bitcoin Corp is offering cost-effective mining, enabling consumers to have access to feasible mining services.","219,263",2023-02-07,day,,https://www.usbtccorp.com/,,https://www.linkedin.com/company/usbtc,"Blockchain Founders Fund, Archetype, Bossa Invest, 25madison, Accomplice"
Coinfloor,https://www.crunchbase.com/organization/coinfloor,"Bitcoin, Cryptocurrency, Finance, Financial Exchanges","London, England, United Kingdom",Coinfloor is an established group of cryptocurrency exchanges for institutional or sophisticated investors and traders.,"224,216",2021-10-04,day,,https://coinfloor.co.uk,https://twitter.com/coinfloor,https://www.linkedin.com/company/coinfloor-limited,"Passion Capital, Taavet Hinrikus, Adam Knight"
Coinzone,https://www.crunchbase.com/organization/coinzone,"Bitcoin, Mobile Payments, Payments","Herlev, Hovedstaden, Denmark",Coinzone - The First European Full Stack Bitcoin Solution,"256,040",2015-08-12,day,,http://www.coinzone.com,http://twitter.com/coinzone,http://www.linkedin.com/company/coinzone,Gecad Ventures
LibertyX,https://www.crunchbase.com/organization/libertyx,"Bitcoin, Financial Services, FinTech","Boston, Massachusetts, United States","LibertyX is America's oldest and largest network of bitcoin ATMs, cashiers, and kiosks.","260,550",2021-08-02,day,,https://libertyx.com/,https://twitter.com/libertyx,https://in.linkedin.com/company/libertyx,"MassChallenge, Bantam Group, Sandy Cass, Project 11 Ventures"
Damex,https://www.crunchbase.com/organization/damex,"Asset Management, Blockchain, Cryptocurrency, Financial Services","Gibraltar, Gibraltar, Gibraltar","Damex is a platform for payments that provides sending and storing of cryptocurrencies, digital assets, and blockchain services.","275,157",2024-10-14,day,,https://www.damex.io/,https://twitter.com/damex_io?lang=en,https://www.linkedin.com/company/damexio/,"FunFair Ventures, coinIX, Cetacean Capital, Alpha Praetorian Capital, Belobaba Fund"
BlockTrail,https://www.crunchbase.com/organization/blocktrail,"Big Data, Bitcoin, Information Technology","Amsterdam, Noord-Holland, The Netherlands",Blocktrail is a powerful Bitcoin wallet and developers platform and block explorer that delivers tools the bitcoin economy.,"297,642",2016-07-20,day,,http://www.blocktrail.com,http://twitter.com/blocktrail,http://www.linkedin.com/company/blocktrail-b-v-,BlockCorp
Xunlei,https://www.crunchbase.com/organization/kankan,"Blockchain, Cloud Computing, Information Technology, Software","Shenzhen, Guangdong, China",Xunlei Limited is a global innovator in shared computing and blockchain technology.,"298,412",,,2014-06-24,http://www.xunlei.com/,,http://www.linkedin.com/company/3822035,"Google, Morningside, Xiaomi, IDG Capital, Primavera Capital Group"
BuyWithMe,https://www.crunchbase.com/organization/buywithme,"Banking, Blockchain, Communities, Cryptocurrency, E-Commerce, Financial Services, Group Buying, Mobile Payments, Payments, Transaction Processing","New York, New York, United States","BuyWithMe is providing a borderless payment ecosystem through QR code and Libra coins,  where local merchants can offer deals to members","314,079",2011-11-02,day,,https://www.buywithme.app,,,"Bain Capital, Bain Capital Ventures, Matrix, Christian Dahlen, Pinnacle Ventures"
SponDoolies-Tech,https://www.crunchbase.com/organization/spondoolies-tech,"Cryptocurrency, Hardware, Infrastructure, Mining, Semiconductor","Kiryat Gat, HaDarom, Israel",Spondoolies-Tech is focused on building mining rigs for cryptocurrency.,"377,679",2021-08-24,day,,http://www.spondoolies-tech.com/,http://twitter.com/SpondooliesTech,http://www.linkedin.com/company/spondoolies-tech,"BRM Capital, Olivier Janssens"
Coinsetter,https://www.crunchbase.com/organization/coinsetter,"Bitcoin, Finance, FinTech, Trading Platform","New York, New York, United States",Coinsetter operates a Bitcoin trading platform with tools for forex traders.,"412,047",2016-01-16,day,,http://www.coinsetter.com,http://twitter.com/coinsetter,https://www.linkedin.com/company/coinsetter,"Digital Currency Group, Blockchain Capital, Tribeca Venture Partners, Ben Davenport, Cryptonaut Ventures"
Cryptiv,https://www.crunchbase.com/organization/cryptiv,"Bitcoin, Finance, Financial Services, FinTech","Toronto, Ontario, Canada","Cryptiv’s Enterprise Blockchain Wallet System allows traditional firms to handle blockchain-enabled digital assets, like Bitcoin and Ether.","499,567",2019-03-19,day,,http://cryptiv.com,http://twitter.com/cryptiv,http://www.linkedin.com/company/5224074,China Canada Angel Alliance
Bitnet Technologies,https://www.crunchbase.com/organization/bitnet-technologies,"Bitcoin, Cryptocurrency, E-Commerce, Payments","San Francisco, California, United States",Bitnet Technologies is a digital commerce platform that helps enterprise scale merchants to accept bitcoin payments.,"550,730",2016-10-24,day,,https://bitnet.io/,http://twitter.com/bitnettech,http://www.linkedin.com/company/bitnet-technologies-ltd-?,"Blockchain Capital, Digital Currency Group, Rakuten, Highland Capital Partners, Artis Ventures"
Secucial,https://www.crunchbase.com/organization/secucial,"Blockchain, Database, Identity Management, Information Technology, Security","Singapore, Central Region, Singapore",Secucial is an information technology company that provides a digital identity that links physical and digital properties to its owners.,"1,069,893",2020-04-01,month,,https://secucial.com/,https://twitter.com/secucial,https://www.linkedin.com/company/secucial/,"CyLon Ventures, ICE71"