Organization Name,Organization Name URL,Stage,Industries,Headquarters Location,Description,CB Rank (Company),Exit Date,Exit Date Precision,Announced Date,Announced Date Precision,IPO Date,Website,Twitter,LinkedIn,Top 5 Investors
Coinbase,https://www.crunchbase.com/organization/coinbase,,"Bitcoin, Blockchain, Cryptocurrency, FinTech, Trading Platform","San Francisco, California, United States","Coinbase is a crypto exchange and wallet platform that allows merchants and consumers to buy, sell, and store digital currencies.",15,2021-04-14,day,,,2021-04-14,https://www.coinbase.com,https://x.com/coinbase,https://www.linkedin.com/company/coinbase,"Andreessen Horowitz, Y Combinator, Wellington Management, Draper Associates, Union Square Ventures"
Robinhood,https://www.crunchbase.com/organization/robinhood,,"Cryptocurrency, FinTech, Stock Exchanges, Trading Platform","Menlo Park, California, United States","Robinhood is a stock brokerage that allows customers to buy and sell stocks, options, ETFs, and cryptocurrencies with zero commission.",191,2021-07-29,day,,,2021-07-29,https://www.robinhood.com,http://twitter.com/robinhoodapp,https://www.linkedin.com/company/robinhood,"Andreessen Horowitz, Sequoia Capital, LocalGlobe, Index Ventures, Thrive Capital"
WonderFi,https://www.crunchbase.com/organization/defi-ventures,,"Bitcoin, Blockchain, Ethereum, Finance, Information Technology","Toronto, Ontario, Canada","WonderFi is a digital asset platform that develops, incubates, and invests in centralized and EVM-compatible decentralized products.",564,2021-09-03,day,2025-05-13,day,2021-09-03,https://www.wonder.fi,https://www.twitter.com/WonderFi,https://www.linkedin.com/company/wonderfi,"Animal Capital, Argo Blockchain, Canaccord Genuity Group, Bigg Digital Assets, Alameda Research"
Bitdeer Technologies Group,https://www.crunchbase.com/organization/bitdeer,,"Blockchain, Cloud Computing, Cryptocurrency, Information Technology","Singapore, Central Region, Singapore",Bitdeer is a provider of digital asset mining services for blockchain and high-performance computing.,"1,240",2023-04-14,day,,,2023-04-14,https://www.bitdeer.com,https://twitter.com/BitDeerOfficial,https://www.linkedin.com/company/bitdeer-group/,"Matrixport, Tether Operations Limited, Genimous"
Bakkt,https://www.crunchbase.com/organization/bakkt,,"Cryptocurrency, Financial Services, FinTech, Loyalty Programs","Alpharetta, Georgia, United States","Bakkt is a trusted digital asset platform that enables its customers to buy, sell, spend, send, and redeem digital assets.","1,579",2021-10-18,day,,,2021-10-18,https://www.bakkt.com,https://twitter.com/Bakkt,https://www.linkedin.com/company/bakkt/,"Pantera Capital, CMT Digital, Galaxy Digital, M12 - Microsoft's Venture Fund, SGH CAPITAL"
Bitget Wallet,https://www.crunchbase.com/organization/bitkeep,,"Bitcoin, Cryptocurrency, Finance, FinTech","Grand Cayman, Midland, Cayman Islands",Bitget Wallet is a decentralized multi-chain digital wallet that provides safe and convenient digital asset management services to users.,"2,295",2023-03-22,day,2023-03-22,day,,https://web3.bitget.com/en,https://twitter.com/BitKeepOS,https://www.linkedin.com/company/bitkeep,"Bitget, Arcanum Capital, Matrixport, DHVC, Foresight Ventures"
HTX,https://www.crunchbase.com/organization/huobi,,"Bitcoin, Blockchain, Cryptocurrency, Financial Services, FinTech","Beijing, Beijing, China","HTX is a blockchain asset financial services provider, including exchange, trade, wallet, and storage.","2,299",2022-10-07,day,2022-10-07,day,,https://www.huobi.com,,https://www.linkedin.com/company/htxglobalofficial,"ZhenFund, Node Capital, Karnika Yashwant"
Cipher Mining,https://www.crunchbase.com/organization/cipher-mining,,"Bitcoin, Blockchain, Cryptocurrency","Rye, New York, United States",Cipher Mining is an industrial-scale Bitcoin mining company dedicated to expanding and strengthening the Bitcoin network's infrastructure.,"2,623",2021-08-30,day,,,2021-08-30,https://www.ciphermining.com,https://twitter.com/cipherinc,https://www.linkedin.com/company/cipher-mining,"Fidelity, SoftBank, Bitfury Group, Counterpoint Global"
Banxa,https://www.crunchbase.com/organization/banxa,,"Compliance, Cryptocurrency, Financial Services, FinTech, Software","Melbourne, Victoria, Australia",Banxa is the world's first listed RegTech and Payment Service Provider (PSP) for the digital asset industry,"2,762",2021-01-06,day,,,2021-01-06,https://banxa.com/,https://twitter.com/BanxaOfficial,https://www.linkedin.com/company/banxa-com/about/,"KuCoin, NGC Ventures, OK Group, Huobi Capital, Thorney Investment"
Fold,https://www.crunchbase.com/organization/card-for-coin,,"Apps, Bitcoin, Gift Card, Internet, Mobile Payments","Atlanta, Georgia, United States","Fold is a financial services company specializing in Bitcoin, offering products that provide access to Bitcoin investment opportunities.","3,392",2025-02-14,day,,,2025-02-14,https://foldapp.com,https://twitter.com/fold_app,https://www.linkedin.com/company/card-for-coin,"Craft Ventures, Bessemer Venture Partners, Slow Ventures, Bossa Invest, Goldcrest Capital"
Digital Asset,https://www.crunchbase.com/organization/digital-asset-2,,"Blockchain, Cryptocurrency, Developer Platform, Developer Tools, Finance, Financial Services, FinTech, Software","New York, New York, United States","Digital Asset develops ledger technology intended to build distributed, encrypted straight-through processing tools.","4,221",2021-06-01,day,2021-06-01,day,,http://www.digitalasset.com,https://twitter.com/digitalassetcom,https://www.linkedin.com/company/digital-asset-holdings-llc/,"Citi, Goldman Sachs, IBM, Salesforce Ventures, Eldridge Industries"
RTFKT,https://www.crunchbase.com/organization/rtfkt,,"Cryptocurrency, Fashion, Shoes","South Jordan, Utah, United States",RTFKT is a developer of custom sneakers designed for video game enthusiasts.,"4,738",2021-12-13,day,2021-12-13,day,,https://rtfkt.com/,https://twitter.com/RTFKTstudios,https://www.linkedin.com/company/rtfkt/,"Andreessen Horowitz, Long Journey Ventures, Shrug Capital, GFR Fund, Galaxy Interactive"
Marqeta,https://www.crunchbase.com/organization/marqeta,,"Credit Cards, Cryptocurrency, Debit Cards, FinTech, Payments","Oakland, California, United States",Marqeta is a card issuing platform that provides infrastructure and tools to help companies build and manage payment programs.,"5,323",2021-06-09,day,,,2021-06-09,https://www.marqeta.com,https://www.twitter.com/marqeta,https://www.linkedin.com/company/marqeta,"Vitruvian Partners, Coatue, ICONIQ Growth, Spark Capital, Goldman Sachs"
Blockfolio,https://www.crunchbase.com/organization/blockfolio,,"Bitcoin, Blockchain, Cryptocurrency, Financial Services, FinTech, Mobile Apps, Virtual Currency","Santa Monica, California, United States",Blockfolio offers mobile portfolio tracking and management for the cryptocurrency and blockchain industry.,"6,327",2020-08-25,day,2020-08-25,day,,http://www.blockfolio.com/,https://www.twitter.com/blockfolio,https://www.linkedin.com/company/blockfolio,"Mayfield Fund, Founders Fund, Playground Global, Abstract, Pantera Capital"
Airfox,https://www.crunchbase.com/organization/airfox,,"Banking, Cryptocurrency, Financial Services, FinTech, Mobile, Wireless","Boston, Massachusetts, United States",Airfox provides the financially underserved in emerging markets digital access to financial services.,"6,376",2020-05-23,day,2020-05-23,day,,https://airfox.com/,https://twitter.com/_airfox,https://www.linkedin.com/company/airfox/,"Techstars, One Way Ventures, Right Side Capital Management, LaunchCapital, Bantam Group"
Slingshot Finance,https://www.crunchbase.com/organization/slingshot-finance,,"Blockchain, Cryptocurrency, Decentralized Finance (DeFi), Software","San Francisco, California, United States",Slingshot is a web3 company developing and using decentralized technologies to help users interact with digital assets,"6,721",2025-04-09,day,2025-04-09,day,,https://slingshot.app/,https://twitter.com/SlingshotCrypto,https://www.linkedin.com/company/slingshot-finance,"Robot Ventures, Coinbase Ventures, K5 Global, Framework Ventures, Ribbit Capital"
Neptune Digital Assets,https://www.crunchbase.com/organization/neptune-dash-nodes,,"Blockchain, Computer, FinTech","Vancouver, British Columbia, Canada","Neptune Digital Assets is a publicly traded company that manages cryptocurrency assets, Bitcoin mining, DeFi, and blockchain nodes.","7,376",2020-12-21,day,,,2020-12-21,https://www.neptunedigitalassets.com/,https://twitter.com/NeptuneDAC,https://www.linkedin.com/company/neptunedigitalassets/,"Sygnum, Alumina Partners"
Valour(Acquired by DeFi Technologies),https://www.crunchbase.com/organization/valour,,"Asset Management, Bitcoin, Blockchain, Cryptocurrency, Financial Services","Zug, Zug, Switzerland",Valour Structured Products focused on issuing Exchange Traded Products with a focus on Digital Assets.,"7,456",2021-03-23,day,2021-03-23,day,,https://valour.com,https://twitter.com/ValourGlobal,https://www.linkedin.com/company/valourglobal/,Valour
X (formerly Twitter),https://www.crunchbase.com/organization/twitter,,"Blogging Platforms, Social Media, Social Network, Web3","Bastrop, Texas, United States",X is a social networking platform that allows its users to send and read microblogs.,"7,583",2013-11-07,day,2025-03-28,day,2013-11-07,https://x.com,https://x.com/X,https://www.linkedin.com/company/x-corp,"Andreessen Horowitz, Insight Partners, Sequoia Capital, Union Square Ventures, IVP"
Heap,https://www.crunchbase.com/organization/heap,,"Analytics, Business Intelligence, Enterprise Software, Productivity Tools, Smart Contracts, Software","San Francisco, California, United States",Heap is a platform that provides analytics infrastructure to reduce the annoying parts of user analytics.,"7,711",2023-09-28,day,2023-09-28,day,,https://heap.io,http://twitter.com/heap,https://www.linkedin.com/company/heap-inc-,"Y Combinator, Menlo Ventures, Pear VC, New Enterprise Associates, DTCP"
Coins.ph,https://www.crunchbase.com/organization/coins-ph,,"Bitcoin, Blockchain, Financial Services, FinTech, Mobile Payments","Pasig, Rizal, Philippines",Coins.ph is a crypto asset management that provides buy and sell a variety of different cryptocurrencies and various financial services.,"8,906",2019-01-18,day,2019-01-18,day,,https://coins.ph,https://x.com/coinsph,http://www.linkedin.com/company/coins-ph,"Quona Capital, Global Brain Corporation, Ribbit Capital, Pantera Capital, Innovation Endeavors"
Block,https://www.crunchbase.com/organization/square,,"Bitcoin, FinTech, Mobile Payments, Productivity Tools, Retail Technology","San Francisco, California, United States","Block, Inc. (NYSE: SQ) (formerly Square, Inc.) is a technology company with a focus on financial services.","9,697",2015-11-19,day,,,2015-11-19,https://block.xyz,https://twitter.com/blocks,https://www.linkedin.com/company/joinblock,"Sequoia Capital, Khosla Ventures, First Round Capital, Sapphire Ventures, Goldman Sachs"
Animoca Brands,https://www.crunchbase.com/organization/animoca-brands-corporation,,"Apps, Blockchain, Casual Games, Developer Platform, Metaverse, Video Games","Cyberport, Hong Kong Island, Hong Kong",Animoca Brands is a metaverse and gaming company focused on driving digital property rights through NFTs.,"9,823",2015-01-23,day,,,2015-01-23,https://www.animocabrands.com,https://x.com/animocabrands,https://www.linkedin.com/company/animoca-brands,"Accel, Temasek Holdings, HSG, 500 Global, Coinbase Ventures"
TerraZero Technologies,https://www.crunchbase.com/organization/terrazero-technologies,,"Blockchain, Business Development, Cryptocurrency, Information Technology, Metaverse, Web3","Vancouver, British Columbia, Canada","TerraZero Technologies is a computer software company specializing in the fields of Web3, blockchain, 3D modelling, and 3D animation.","9,919",2023-08-25,day,2023-08-25,day,,https://terrazero.com/,https://twitter.com/terrazerotech/,https://www.linkedin.com/company/terrazerotech,Bigg Digital Assets
Harbor,https://www.crunchbase.com/organization/harbor-platform,,"Blockchain, Compliance, Computer, Cryptocurrency, Finance, Financial Services, Security","San Francisco, California, United States",Harbor is helping to power the next big wave in capital markets – tokenized securities - by automating regulatory compliance.,"10,007",2020-02-18,day,2020-02-18,day,,https://harbor.com,https://twitter.com/harbor,https://www.linkedin.com/company/harbor-hq,"Andreessen Horowitz, Craft Ventures, South Park Commons, Founders Fund, Valor Equity Partners"
Tagomi,https://www.crunchbase.com/organization/tagomi-systems,,"Bitcoin, Blockchain, Cryptocurrency, Financial Services, FinTech","Chicago, Illinois, United States","Tagomi is a cryptocurrency trading platform that provides access to priced liquidity, low commissions, and maximized client return.","10,359",2020-05-27,day,2020-05-27,day,,https://tagomi.com/,,https://www.linkedin.com/company/tagomi,"Founders Fund, Paradigm, Quiet Capital, Fabric Ventures, Abstract"
Surf,https://www.crunchbase.com/organization/trufan-inc,,"Consumer, Loyalty Programs, Marketing, Software, Web3","Toronto, Ontario, Canada",Surf provides brands a better way to engage and understand consumers while compensating consumers for their data.,"10,644",2025-02-21,day,2025-02-21,day,,http://joinsurf.com/,https://twitter.com/surfforbrands,https://ca.linkedin.com/company/surfforbrands,"Moneta Ventures, MAGIC Fund, Round13 Capital, LOI Venture, Protocol Ventures"
Headquarters,https://www.crunchbase.com/organization/headquarters-fdb9,,"Accounting, Blockchain, Enterprise Software, Financial Services, Payments, Web3","Singapore, Central Region, Singapore",Headquarters helps Web3 companies automate their treasury ops and reporting.,"10,807",2025-05-13,day,2025-05-13,day,,https://www.hq.xyz,https://twitter.com/HQ_xyz,https://www.linkedin.com/company/hq-xyz,"500 Global, FJ Labs, Saison Capital, DWF Labs, LongHash Ventures"
Wind.app,https://www.crunchbase.com/organization/wind-app,,"FinTech, Web3","Singapore, Central Region, Singapore",Wind.app is platform for global payments.,"12,499",2025-04-21,day,2025-04-21,day,,https://wind.app/,https://twitter.com/WindWallet,https://www.linkedin.com/company/windapp/,"Alumni Ventures, Saison Capital, Global Founders Capital, The Spartan Group, Tiny VC"
Safello,https://www.crunchbase.com/organization/safello,,"Bitcoin, Finance, FinTech","Stockholm, Stockholms Lan, Sweden",Safello operates a bitcoin exchange and related services in the European market.,"12,900",2021-05-12,day,,,2021-05-12,https://safello.com,http://twitter.com/SafelloAB,http://www.linkedin.com/company/safello,"Techstars, Digital Currency Group, White Star Capital, Nicolas Cary, Erik Voorhees"
HAL,https://www.crunchbase.com/organization/hal-64ab,,"Blockchain, Ethereum, Information Technology, Software","London, England, United Kingdom",HAL provides blockchain monitoring services intended to create centralized lighthouses.,"12,918",2023-02-21,day,2023-02-21,day,,https://www.hal.xyz,https://twitter.com/HAL_team,https://www.linkedin.com/company/halxyz,"Animoca Brands, CoinFund, imToken, HashKey Capital, Wintermute Ventures"
The Block,https://www.crunchbase.com/organization/the-block-crypto,,"Bitcoin, Blockchain, Cryptocurrency, Digital Media, Information Services, Market Research, News","New York, New York, United States",The Block is the first and final word in digital assets.,"13,006",2023-11-13,day,2023-11-13,day,,https://www.theblock.co,https://twitter.com/TheBlock__,https://www.linkedin.com/company/theblockcrypto/,"Everywhere Ventures, Greycroft, Floodgate, Pantera Capital, Bloomberg Beta"
Candy Digital,https://www.crunchbase.com/organization/candy-digital-d2d1,,"Blockchain, Collectibles, Non-Fungible Token (NFT), Sports, Web3","New York, New York, United States",Candy Digital is an NFT company that allows MLB fans to buy and trade officially licensed nonfungible tokens.,"13,751",2025-04-16,day,2025-04-16,day,,https://www.candy.io,https://twitter.com/candydigital,https://www.linkedin.com/company/candydigital,"Insight Partners, Gaingels, New Enterprise Associates, ConsenSys, SoftBank Vision Fund"
The INX Digital Company,https://www.crunchbase.com/organization/inx-limited,,"Blockchain, Cryptocurrency, Financial Services, FinTech, Trading Platform","Gibraltar, Gibraltar, Gibraltar",INX owns regulated trading platforms for digital securities and cryptocurrencies.,"13,943",2022-08-02,day,,,2022-08-02,https://www.inx.co/,https://twitter.com/INX_Group,https://www.linkedin.com/company/inxlimited/,"Republic, Launch Code Capital, SPiCE VC"
Globacap,https://www.crunchbase.com/organization/globacap,,"Blockchain, Financial Services, FinTech, Software","London, England, United Kingdom","We enable freedom through automation. We’re driving the evolution of capital markets by making processes frictionless, on a global scale.","14,270",2025-03-31,day,2025-03-31,day,,http://www.globacap.com,https://twitter.com/globacap,https://www.linkedin.com/company/globacap,"Cboe Global Markets, CoinShares, Moore Strategic Ventures, Johannesburg Stock Exchange, GABI Ventures"
Mirror,https://www.crunchbase.com/organization/mirror-c5ca,,Blockchain,"San Francisco, California, United States","Mirror is a publication platform for creators, communities, and DAOs.","14,997",2024-05-02,day,2024-05-02,day,,https://mirror.xyz,https://twitter.com/viamirror,https://www.linkedin.com/company/mirror-xyz,"SV Angel, Musha Ventures"
Korbit,https://www.crunchbase.com/organization/korbit,,"Bitcoin, Blockchain, Cryptocurrency, Finance, Financial Exchanges, Financial Services, FinTech","Seoul, Seoul-t'ukpyolsi, South Korea","Korbit provides online bitcoin exchange, wallet, and merchant processor services.","15,128",2017-09-28,day,2017-09-28,day,,http://korbit.co.kr,https://twitter.com/KorbitOfficial,https://www.linkedin.com/company/korbit-inc/,"Draper Associates, Pantera Capital, BAM Ventures, Strong Ventures, Korea Investment Partners"
LedgerX,https://www.crunchbase.com/organization/ledgerx,,"Bitcoin, Cryptocurrency, Financial Services, FinTech, Virtual Currency","New York, New York, United States",LedgerX develops an institutional derivatives exchange platform for digital currencies.,"15,690",2023-04-25,day,2023-04-25,day,,https://ledgerx.com,https://twitter.com/ledgerx,https://www.linkedin.com/company/ledgerx/,"Lightspeed Venture Partners, Blockchain Capital, SV Angel, MIAX Exchange Group, FundersClub"
Fyn,https://www.crunchbase.com/organization/beartax-inc,,"Bitcoin, Blockchain, Consumer Software, Enterprise Software, Ethereum, Financial Services, FinTech, Information Technology, SaaS, Virtual Currency","Delaware City, Delaware, United States",Fyn helps enterprise and institutional investors manage their digital asset taxation.,"15,769",2023-08-04,day,2023-08-04,day,,https://fynhq.com,https://twitter.com/hellofynhq,https://linkedin.com/company/hellofynhq,"Hustle Fund, Ascend, Defy.vc, BAM Ventures, Liquid 2 Ventures"
Drip Labs,https://www.crunchbase.com/organization/drip-71be,,"Blockchain, Information Technology, Internet, Service Industry","San Francisco, California, United States",Drip Labs creates creator-centric Web3 content distribution network and offers free digital gifts from well-known producers.,"16,014",2025-04-02,day,2025-04-02,day,,https://drip.haus,https://twitter.com/drip_haus,https://www.linkedin.com/company/driphaus,"Coinbase Ventures, Progression, NFX, 6th Man Ventures, Big Brain Holdings"
double jump.tokyo,https://www.crunchbase.com/organization/doublejump-tokyo,,"Blockchain, Cryptocurrency, Video Games","Nishi, Tokyo, Japan",double jump.tokyo Is a blockchain game developer and NFT solution provider for large-scale enterprises in the gaming & entertainment sector.,"16,583",2018-05-07,day,2018-05-07,day,,https://www.doublejump.tokyo/,https://x.com/doublejump_en,https://www.linkedin.com/company/doublejump-tokyo/,"Polygon, Amber Group, SBI Investment, Z Venture Capital, Protocol Labs"
Alterya,https://www.crunchbase.com/organization/alterya,,"Apps, Cryptocurrency, Software, Web3","Tel Aviv, Tel Aviv, Israel","Alterya is a Software Development firm offering Simple, safe, and compliant access to web3.","17,956",2025-01-13,day,2025-01-13,day,,https://www.alterya.dev/,,https://www.linkedin.com/company/83538897/,"Y Combinator, Tribe Capital, Nyca Partners, FJ Labs, Liquid 2 Ventures"
CryptoSlam,https://www.crunchbase.com/organization/cryptoslam,,"Blockchain, Ethereum, Financial Services, Non-Fungible Token (NFT)","Overland Park, Kansas, United States",CryptoSlam is an aggregator of non-fungible tokens (NFTs) collectibles data.,"18,221",2023-01-17,day,2023-01-17,day,,https://www.cryptoslam.io,https://twitter.com/cryptoslamio,https://www.linkedin.com/company/cryptoslam,"KCRise Fund, Stocktwits, SPIRIT Blockchain Capital, Animoca Brands, Redbeard Ventures"
Securrency,https://www.crunchbase.com/organization/securrency,,"Blockchain, Financial Services, FinTech, Trading Platform","Washington, District of Columbia, United States",Securrency delivers financial technology products for the tokenized issuance and trading of securities.,"18,233",2023-10-19,day,2023-10-19,day,,https://securrency.com,https://twitter.com/Securrency,https://www.linkedin.com/company/securrency,"Alumni Ventures, State Street Corporation, WisdomTree, RRE Ventures, ARK FUND"
Wyre,https://www.crunchbase.com/organization/wyre,,"Cryptocurrency, Financial Services, FinTech, Payments","San Francisco, California, United States",Wyre is a crypto and payment infrastructure company that develops a variety of payment APIs.,"19,621",2024-02-15,day,2024-02-15,day,,https://www.sendwyre.com,https://www.twitter.com/sendwyre,https://www.linkedin.com/company/wyre,"Draper Associates, Kraken, Fortress Investment Group, Blockchain Capital, Stellar Development Foundation"
CipherTrace,https://www.crunchbase.com/organization/ciphertrace-inc,,"Big Data, Bitcoin, Compliance, Cryptocurrency, Cyber Security","Menlo Park, California, United States",CipherTrace is a cryptocurrency intelligence company that delivers delivers cryptocurrency AML compliance solutions.,"20,070",2021-09-09,day,2021-09-09,day,,https://ciphertrace.com/,https://twitter.com/ciphertrace,https://www.linkedin.com/company/ciphertrace/,"WestWave Capital, Aspect Ventures, Galaxy Digital, Neotribe Ventures, Third Point Ventures"
Spindl,https://www.crunchbase.com/organization/spindl,,"Advertising, Blockchain, Software, Web3","San Francisco, California, United States",Spindl develops a blockchain-based attribution system to help businesses accelerate user growth.,"20,271",2025-01-31,day,2025-01-31,day,,https://www.spindl.xyz,https://twitter.com/spindl_xyz,https://www.linkedin.com/company/spindlxyz,"Polygon, Tribe Capital, Dragonfly, FJ Labs, Multicoin Capital"
TradeBlock,https://www.crunchbase.com/organization/tradeblock,,"Bitcoin, Cryptocurrency, Financial Services, FinTech","Stamford, Connecticut, United States",TradeBlock is the world's leading provider of institutional trading tools for digital currencies.,"20,860",2021-01-05,day,2021-01-05,day,,https://tradeblock.com/,http://twitter.com/TradeBlock,https://www.linkedin.com/company/tradeblock/,"Andreessen Horowitz, Y Combinator, Digital Currency Group, MassChallenge, DCVC"
Simplex,https://www.crunchbase.com/organization/simplex-3,,"Bitcoin, Cryptocurrency, E-Commerce, Financial Services, FinTech, Fraud Detection, Payments","Giv'atayim, Tel Aviv, Israel",Simplex is an EMI licensed Fintech company providing fraudless payment processing solutions to online merchants,"21,108",2021-05-06,day,2021-05-06,day,,http://www.simplex.com,https://twitter.com/SimplexCC,https://www.linkedin.com/company/simplexcc,"Korea Investment Partners, FundersClub, Accomplice, Bitmain, iAngels"
Coinfirm,https://www.crunchbase.com/organization/coinfirm,,"Bitcoin, Blockchain, Compliance, Financial Services, FinTech","London, England, United Kingdom",Coinfirm is a blockchain analytics and investigations solutions.,"21,273",2024-05-21,day,2024-05-21,day,,http://www.coinfirm.com,https://twitter.com/coinfirm_io,https://www.linkedin.com/company/coinfirm,"Middlegame Ventures, SIX FinTech Ventures, Mission Gate, G1 Ventures, Alfabeat"
Beam,https://www.crunchbase.com/organization/beam-wallet,,"B2B, B2C, Blockchain, Cryptocurrency, E-Commerce, Finance, Internet, Marketing, Payments, Retail","Lisbon, Lisboa, Portugal",Transforming payments and marketing for the 21st Century.,"23,867",2019-06-01,month,2019-06-01,month,,https://www.beamwallet.com,https://twitter.com/beamwallet,https://www.linkedin.com/company/beam-wallet,"Sequoia Capital, Partech, Surge, Alex Cheiman"
Chain,https://www.crunchbase.com/organization/chain-e81f,,"Blockchain, Finance, Financial Services","San Francisco, California, United States","Chain built cryptographic ledger systems to make financial services smarter, more secure, and more connected.","23,996",2018-09-01,month,2018-09-01,month,,https://www.chain.com/,https://twitter.com/chain,,"BoxGroup, Khosla Ventures, Thrive Capital, Blockchain Capital, 500 Global"
Hexagate,https://www.crunchbase.com/organization/hexagate,,"Blockchain, Cyber Security, Developer APIs, Fraud Detection, Security, Web3","Tel Aviv-yafo, Tel Aviv, Israel",Hexagate provides real-time web3 security and data API services.,"24,119",2024-12-18,day,2024-12-18,day,,http://hexagate.com/,https://twitter.com/hexagate_,https://www.linkedin.com/company/gethexagate,"Entrée Capital, INT3, Samsung NEXT’s Q Fund"
Metaco,https://www.crunchbase.com/organization/metaco,,"Bitcoin, Cryptocurrency, Ethereum, FinTech, Information Technology","Lausanne, Vaud, Switzerland",METACO designs institutional digital asset management solutions for the financial industry.,"24,521",2023-05-17,day,2023-05-17,day,,https://metaco.com,https://www.twitter.com/metaco_sa,https://www.linkedin.com/company/metaco-ag,"Verve Ventures, Standard Chartered Bank, Avaloq, Zürcher Kantonal Bank, Swisscom"
Nebula Genomics,https://www.crunchbase.com/organization/nebula-genomics,,"Biotechnology, Blockchain, Genetics, Health Care","San Francisco, California, United States",Nebula Genomics leverages blockchain technology to eliminate middlemen and empower people to own their personal genomic data.,"25,423",2021-08-11,day,2021-08-11,day,,https://www.nebula.org,https://twitter.com/NebulaGenomics,https://www.linkedin.com/company/18466471/,"Mayfield Fund, Khosla Ventures, ARCH Venture Partners, Hikma Ventures, Great Point Partners"
Loopring,https://www.crunchbase.com/organization/loopring,,"Blockchain, Cryptocurrency, Decentralized Finance (DeFi), Ethereum","Shanghai, Shanghai, China",Loopring is an open protocol for building decentralized exchanges.,"25,714",2018-05-05,day,2018-05-05,day,,https://loopring.org/,https://twitter.com/loopringorg,https://www.linkedin.com/company/loopring/,"NEO, G2H2 Capital, China Growth Capital, Kosmos Ventures, Fundamental Labs"
Factom,https://www.crunchbase.com/organization/factom,,"Bitcoin, Enterprise Software, FinTech, Information Technology","Austin, Texas, United States","Factom, Inc. is a blockchain innovations company providing blockchain as a service platforms.","26,294",2021-08-02,day,2021-08-02,day,,https://factom.com/,http://twitter.com/factom,http://www.linkedin.com/company/factom,"Plug and Play, Draper Associates, Tim Draper, BnkToTheFuture, Medici Ventures"
Alter,https://www.crunchbase.com/organization/facemoji,,"3D Technology, Apps, Artificial Intelligence (AI), Computer Vision, Metaverse, Social Media, Virtual Goods, Web3","New York, New York, United States",Alter is an open-source platform that consists of a 3D avatar system and motion capture for web3.,"26,496",2022-10-27,day,2022-10-27,day,,http://alter.xyz/,https://www.twitter.com/alter,https://www.linkedin.com/company/alterxyz,"General Catalyst, Play Ventures, Greycroft, Betaworks, X (formerly Twitter)"
Tixologi,https://www.crunchbase.com/organization/tixologi,,"Blockchain, Software, Ticketing","Los Angeles, California, United States",A fully customizable ticketing platform allowing event producers to sell more tickets by building their brand and community.,"26,808",2025-04-02,day,2025-04-02,day,,http://tixologi.com,https://twitter.com/tixologi,https://www.linkedin.com/company/tixologi,"Correlation Ventures, Social Leverage, KB Partners, StoryHouse Ventures"
Horangi,https://www.crunchbase.com/organization/horangi,,"Blockchain, Cloud Security, Cyber Security, Innovation Management, Network Security, Risk Management, SaaS, Security, Software","Singapore, Central Region, Singapore",Horangi is a SaaS cybersecurity company that offers product innovation and technology designed to protect organizations.,"26,940",2023-06-28,day,2023-06-28,day,,https://horangi.com,https://twitter.com/horangi_inc,https://www.linkedin.com/company/horangi/,"500 Global, Monk’s Hill Ventures, Genesis Alternative Ventures, Prasetia Dwidharma, Right Click Capital"
Gilded,https://www.crunchbase.com/organization/gilded,,"Accounting, Blockchain, Cryptocurrency, FinTech, Web3","New Orleans, Louisiana, United States",Gilded enables web3 organizations to scale with a unified solution that eliminates the complexity of crypto payments and financial reporting,"30,140",2023-09-14,day,2023-09-14,day,,https://gilded.finance,https://www.twitter.com/gildedfinance,https://www.linkedin.com/company/gilded,"Alumni Ventures, Techstars, Bonfire Ventures, Not Boring Capital, Redbeard Ventures"
Pixelmon,https://www.crunchbase.com/organization/pixelmon,,"Gaming, Metaverse, Web3","New York, New York, United States",Pixelmon is a decentralized web3 gaming IP company that develops online video games.,"30,810",2023-02-28,day,2023-02-28,day,,https://www.pixelmon.ai/,https://twitter.com/Pixelmon,https://www.linkedin.com/company/pixelmon,"Amber Group, Foresight Ventures, Animoca Brands, Sfermion, Mechanism Capital"
CoWSwap,https://www.crunchbase.com/organization/cowswap,,"Blockchain, Cryptocurrency, Finance","Lisbon, Lisboa, Portugal",CoWSwap is the first trading interface built on top of the CoW Protocol.,"31,696",2020-02-02,day,2020-02-02,day,,https://swap.cow.fi/#/swap?chain=mainnet,,,"Robot Ventures, Cherry Ventures, Hack VC, Blockchain Capital, LongHash Ventures"
ErisX,https://www.crunchbase.com/organization/erisx,,"Blockchain, Financial Services, FinTech, Information Technology, Insurance, Software","Chicago, Illinois, United States",ErisX specializes in digital asset space that offers both spot and futures contracts on one platform.,"32,683",2021-10-20,day,2021-10-20,day,,https://erisx.com/,https://twitter.com/ErisX_Digital,https://www.linkedin.com/company/erisx/,"Hidden Road, Valor Equity Partners, ConsenSys, Robinhood, Pantera Capital"
Coinify,https://www.crunchbase.com/organization/coinify-com,,"Bitcoin, Cryptocurrency, Developer APIs, Finance, Financial Exchanges, Financial Services, FinTech, Payments, Trading Platform, Virtual Currency","Copenhagen, Hovedstaden, Denmark","Helping businesses accelerate growth by accepting cryptocurrency payments, and buying crypto.","33,211",2021-08-02,day,2021-08-02,day,,https://www.coinify.com,https://twitter.com/coinify,https://www.linkedin.com/company/coinify,"PSV, Seed Capital, Accelerace, Nordic Eye Venture Capital, SEB Venture Capital"
GRIID,https://www.crunchbase.com/organization/griid,,"Bitcoin, Blockchain, Mining","Cincinnati, Ohio, United States",GRIID is a vertically-integrated bitcoin self-mining company that owns and operates a growing portfolio of bitcoin mining facilities.,"33,631",2024-06-27,day,2024-06-27,day,,https://www.griid.com/,https://twitter.com/griid?lang=en,https://www.linkedin.com/company/griid-infrastructure/,"Blockchain.com, Ten31, Kesha Ventures"
Arbelos Markets,https://www.crunchbase.com/organization/arbelos-markets,,"Cryptocurrency, Financial Services",,Arbelos Markets provides unprecedented access and transparency to counterparties through powerful technology.,"34,164",2025-01-02,day,2025-01-02,day,,https://arbelos.xyz/,,https://www.linkedin.com/company/arbelos-markets/about/,"Deribit, Dragonfly, FalconX, Paxos, StarkWare Industries"
Bison Trails,https://www.crunchbase.com/organization/bison-trails,,"Blockchain, Infrastructure, Internet, Software","Brooklyn, New York, United States",Bison Trails allows the user to run secure infrastructure on multiple blockchains.,"34,622",2021-01-19,day,2021-01-19,day,,https://bisontrails.co/,https://twitter.com/BisonTrails,https://www.linkedin.com/company/bison-trails/,"Kleiner Perkins, Coinbase Ventures, Blockchain Capital, Initialized Capital, Collaborative Fund"
Bware Labs,https://www.crunchbase.com/organization/bware-labs,,"Blockchain, Cloud Infrastructure, Cryptocurrency, Software Engineering, Web3","Bucharest, Bucuresti, Romania",Bware Labs provides blockchain infrastructure and API services.,"35,116",2024-08-29,day,2024-08-29,day,,https://bwarelabs.com/,https://twitter.com/BwareLabs,https://www.linkedin.com/company/bwarelabs/,"Ava Labs, Figment, CoinGecko, Nexo, The Spartan Group"
Sepior,https://www.crunchbase.com/organization/sepior,,"Blockchain, Cloud Security, Enterprise Software, Financial Services, FinTech, Information Technology, Software","Aarhus, Midtjylland, Denmark",Sepior enables trust for financial transactions and cloud applications using threshold cryptography.,"35,312",2022-07-20,day,2022-07-20,day,,https://sepior.com/,https://twitter.com/SepiorCorp,https://www.linkedin.com/company/sepior-kmaas/,"European Union, Seed Capital, EASME, SBI Group, DTU Innovation"
Shipyard Software,https://www.crunchbase.com/organization/shipyard-software,,"Cryptocurrency, Financial Services, Software","San Francisco, California, United States",Shipyard Software is building a fleet of exchanges and DeFi tools to suit every crypto trader.,"35,439",2025-01-28,day,2025-01-28,day,,https://shipyardsoftware.org/,https://twitter.com/ShipyardSW,https://www.linkedin.com/company/shipyard-software-inc/,"Robot Ventures, FJ Labs, Electric Capital, 0x, Quantstamp"
Multis,https://www.crunchbase.com/organization/multis,,"Blockchain, Consulting, Cryptocurrency, Financial Services, FinTech, Insurance, Internet, Software, Venture Capital, Web3","San Francisco, California, United States",Multis is a crypto treasury management tool designed for web3 organizations.,"35,596",2024-04-18,day,2024-04-18,day,,https://multis.com,https://twitter.com/multisHQ,https://www.linkedin.com/company/13991256,"Y Combinator, Sequoia Capital, Long Journey Ventures, Coinbase Ventures, White Star Capital"
ZenSports,https://www.crunchbase.com/organization/zensports,,"Cryptocurrency, Gambling, Mobile Apps, Sports","Miami, Florida, United States","Mobile sports betting against the house or peer-to-peer, using fiat or cryptocurrencies","35,636",2022-10-10,day,2022-10-10,day,,http://zensports.com/,https://www.twitter.com/zensports,https://www.linkedin.com/company/zensports,"Gaingels, LAUNCH, Forum Ventures, MicroVentures, Right Side Capital Management"
IndiGG,https://www.crunchbase.com/organization/indigg,,"Blockchain, Gaming, Information Technology, Online Games, Web3","Bengaluru, Karnataka, India",IndiGG is NFT based play-to-earn game in web3 frontier. IndiGG is the India sub-decentralized autonomous organization(subDAO) of YGG.,"36,452",2023-02-23,day,2023-02-23,day,,https://indigg-dev.netlify.app/,https://twitter.com/YGGIndia,https://www.linkedin.com/company/indi-gg/,"Lightspeed Venture Partners, Play Ventures, Peak XV Partners, Griffin Gaming Partners, Jump Capital"
Triangle,https://www.crunchbase.com/organization/triangle-2,,"B2B, Developer APIs, E-Commerce, Web3","San Francisco, California, United States","Triangle, acquired by Bridge and now Stripe is a software company that builds web3 wallet infrastructure.","36,617",2024-11-01,day,2024-11-01,day,,https://www.triangleplatform.com/,https://twitter.com/triangleplatfrm,https://www.linkedin.com/company/triangleplatform/,"Social Capital, WndrCo, Collab+Currency, RareBreed Ventures, DCG Expeditions"
Blowfish,https://www.crunchbase.com/organization/blowfish-6471,,"Blockchain, Cryptocurrency, Cyber Security, Information Technology, Software","San Francisco, Islas Baleares, Spain",Blowfish detects and prevents fraud before any fraud occurs.,"37,345",2024-11-27,day,2024-11-27,day,,https://blowfish.xyz,,,"Paradigm, Dragonfly, 0x, Naval Ravikant, Hypersphere Ventures"
Luno,https://www.crunchbase.com/organization/lunomoney,,"Cryptocurrency, Financial Services, Virtual Currency","London, England, United Kingdom","Luno is a global cryptocurrency firm that specializes in bitcoin, fintech, digital currencies, and financial services.","37,573",2020-09-09,day,2020-09-09,day,,https://www.luno.com,https://twitter.com/lunomoney,https://www.linkedin.com/company/lunomoney/,"Digital Currency Group, Balderton Capital, Ariadne Capital Limited, Venturra, PayU GPO"
DeCurret,https://www.crunchbase.com/organization/decurret,,"Cryptocurrency, Financial Services, Internet, Virtual Reality, Web Apps","Tokyo, Tokyo, Japan","DeCurret provides optimal rate of digital currency, instantly processing a large amount of currency transactions stably.","38,102",2022-02-01,day,2022-02-01,day,,https://www.decurret.com/,https://twitter.com/DeCurret,,"MUFG Bank, Fujitsu, KDDI, Mitsubishi Corporation, Sumitomo Mitsui Banking Corporation"
Curv,https://www.crunchbase.com/organization/curv-5d20,,"Blockchain, Cloud Computing, Cryptocurrency, Cyber Security, FinTech, Software","New York, New York, United States",Curv is a developer of digital asset security infrastructure helping crypto-native and financial institutions to create digital wallets.,"38,213",2021-03-08,day,2021-03-08,day,,https://www.curv.co,https://twitter.com/curvmpc,https://www.linkedin.com/company/curv,"Franklin Templeton, Team8, Coinbase Ventures, Digital Currency Group, CommerzVentures"
Authenteq - an FNZ company,https://www.crunchbase.com/organization/authenteq,,"Asset Management, Banking, Blockchain, Compliance, Cryptocurrency, FinTech, Insurance, Machine Learning, Software, Wealth Management","Reykjavík, Gullbringusysla, Iceland","Authenteq is the world’s first fully automated KYC identity verification platform. Verify identities instantly, onboard users in 35 seconds.","39,321",2022-11-01,month,2022-11-01,month,,https://onboarding.fnz.com/solutions/id-verification,https://twitter.com/FNZ_Group,https://www.linkedin.com/company/fnz/,"Draper Associates, 3VC, NAP, Startupbootcamp, EASME"
Sparrow,https://www.crunchbase.com/organization/sparrow-41c3,,"Bitcoin, Blockchain, Cryptocurrency, Ethereum, Financial Exchanges, FinTech, Trading Platform","Singapore, Central Region, Singapore",Sparrow offers innovative digital asset products and solutions for institutions and wealth managers.,"39,470",2022-12-13,day,2022-12-13,day,,https://www.sparrowexchange.com,https://twitter.com/sparrowexchange,https://www.linkedin.com/company/sparrowexchange/,"Arrington XRP Capital, Signum Capital, FinLab, EOS VC Fund, Du Capital"
DMG Blockchain Solutions,https://www.crunchbase.com/organization/dmg-blockchain-solutions,,"Blockchain, Cryptocurrency, Financial Services","Vancouver, British Columbia, Canada",DMG Blockchain Solutions is a full service diversified blockchain and cryptocurrency company.,"39,974",2018-02-13,day,,,2018-02-13,https://dmgblockchain.com,https://twitter.com/dmgblockchain,https://www.linkedin.com/company/dmgblockchain,"Sygnum, Canaccord Genuity Group, Paradigm Capital, Pyfera Growth Capital"
Fortress Blockchain Technologies,https://www.crunchbase.com/organization/fortress-blockchain-technologies,,"Blockchain, Financial Services, FinTech, Mobile Payments","Las Vegas, Nevada, United States","Financial, regulatory and technology infrastructure for NFT and crypto innovators","40,228",2023-09-08,day,2023-09-08,day,,https://fortress.io/,https://twitter.com/Fortress_io,https://www.linkedin.com/company/fortressblocktech,"Ayon Capital, Soaring Investment Management"
Skolem Technologies,https://www.crunchbase.com/organization/skolem,,"Cryptocurrency, Financial Services, Software","New York, New York, United States","Skolem provides robust institutional-grade asset management and execution services for hedge funds, treasuries, and service providers.","40,537",2024-05-30,day,2024-05-30,day,,https://skolem.com/,,https://www.linkedin.com/company/skolem/,"Dragonfly, Point72 Ventures, Galaxy Digital, Fenwick & West, Morpheus Ventures"
Byte Trading,https://www.crunchbase.com/organization/byte-trading,,"Cryptocurrency, Finance, Financial Services, Information Technology, Software","London, England, United Kingdom",Byte is an algorithmic market maker in digital assets.,"40,795",2025-02-14,day,2025-02-14,day,,https://byte-trading.com/,https://twitter.com/byte_trading,https://www.linkedin.com/company/byte-trading/,"redalpine, L1D, Possible Ventures, D4 Ventures"
SolanaFM,https://www.crunchbase.com/organization/solanafm,,"Blockchain, Information Services","Singapore, Central Region, Singapore",SolanaFM provides blockchain indexing and analytical services to quickly capture and analyze data.,"42,310",2024-09-20,day,2024-09-20,day,,https://solana.fm/?cluster=mainnet-qn1,https://twitter.com/solanafm,https://www.linkedin.com/company/solanafm,"Sygnum, CoinHako, The Spartan Group, Mirana, Zee Prime Capital"
WISeKey,https://www.crunchbase.com/organization/wisekey,,"Artificial Intelligence (AI), Blockchain, Cyber Security, Identity Management, Internet of Things, Network Security, SaaS, Software","Geneva, Geneve, Switzerland","WISeKey is a cybersecurity company using blockchain, AI, IoT technologies, and security to counterfeit fraud of bankcard and transactions.","44,598",2016-03-31,day,,,2016-03-31,http://www.wisekey.com,http://twitter.com/wisekey,http://www.linkedin.com/company/wisekey-sa,"Alpha Blue Ocean, The Global Emerging Markets Group, 32 Ventures, GVA Capital, Crede CapitalGroup"
WazirX,https://www.crunchbase.com/organization/wazirx,,"Blockchain, Cryptocurrency, Financial Exchanges","Vashi, Maharashtra, India",India's leading bitcoin exchange,"45,760",2019-11-21,day,2019-11-21,day,,https://wazirx.com,https://twitter.com/wazirxindia,https://www.linkedin.com/company/wazirx/,Kalaari Capital
Blox,https://www.crunchbase.com/organization/blox,,"Bitcoin, Blockchain, Cryptocurrency, Financial Services, FinTech, Information Technology, Software","Tel Aviv, Tel Aviv, Israel","Blox is a platform for crypto accounting and bookkeeping that empowers accounting teams, finance teams, and bookkeepers.","46,290",2021-10-20,day,2021-10-20,day,,https://www.bloxstaking.com,https://twitter.com/Blox_Official,https://www.linkedin.com/company/blox-io,Coinsilium Group
GAMEE,https://www.crunchbase.com/organization/gamee,,"Apps, Blockchain, Casual Games, Gaming, Mobile, Web Apps","Prague, Hlavni mesto Praha, Czech Republic","GAMEE is a high-engagement gaming platform, where users complete game missions, compete in tournaments and earn prizes.","47,074",2020-07-02,day,2020-07-02,day,,https://token.gamee.com,https://www.twitter.com/gameeapp,https://www.linkedin.com/company/10062174,"Index Ventures, Pantera Capital, 3VC, Credo Ventures, Day One Capital"
Satsuma,https://www.crunchbase.com/organization/satsuma,,"Blockchain, Developer APIs, Developer Platform, Productivity Tools, Web3","San Francisco, California, United States",Satsuma is a reliable blockchain indexing service for web3 engineering teams.,"47,847",2023-09-26,day,2023-09-26,day,,https://www.satsuma.xyz/,https://twitter.com/satsumaxyz,https://www.linkedin.com/company/satsuma-xyz,"Y Combinator, South Park Commons, Archetype, Initialized Capital, Homebrew"
Change,https://www.crunchbase.com/organization/change-finance,,"Banking, Blockchain, Finance, Financial Services, FinTech, Stock Exchanges, Trading Platform","Amsterdam, Noord-Holland, The Netherlands",Change is an investment solution on a mission to remove the complexities and barriers to wealth creation.,"48,301",2023-08-22,day,2023-08-22,day,,https://changeinvest.com,https://twitter.com/changefinance,https://www.linkedin.com/company/changeinvest/,"Enabling Future, Kangro, Andromeda Capital Partners Suisse, Ingmar Mattus"
BRD,https://www.crunchbase.com/organization/brd,,"Bitcoin, Cryptocurrency, Financial Services, FinTech, Mobile Payments, Software, Virtual Currency","Zürich, Zurich, Switzerland",BRD is a financial software company specializing in blockchain-enabled mobile applications for cryptocurrency management.,"48,729",2021-11-25,day,2021-11-25,day,,https://brd.com/,https://x.com/brdhq,https://www.linkedin.com/company/breadwallet/,"East Ventures, Liberty City Ventures, Saison Ventures, Xpring, Das Capital"
Ape Board,https://www.crunchbase.com/organization/ape-board,,"Cryptocurrency, Decentralized Finance (DeFi), Financial Services, FinTech","Singapore, Central Region, Singapore",Ape Board is a decentralized finance (DeFi) sector via crypto-asset aggregator and portfolio dashboard.,"48,912",2022-05-17,day,2022-05-17,day,,https://apeboard.finance/,https://twitter.com/ape_board,https://www.linkedin.com/company/apeboard,"LongHash Ventures, SCB 10X, Spartan Capital Securities, Do Kwon, DeFiance Capital"
Enry's Island SpA,https://www.crunchbase.com/organization/enry-s-island-worldwide-distributed-platform-for-startup-incubation-acceleration,,"Blockchain, Cryptocurrency, Incubators, Internet of Things, Web Apps, Web3","Tremiti, Puglia, Italy",Enry’s Island S.p.A. is the first and only Venture Builder in the world listed in a Stock Exchange.,"49,565",2023-04-11,day,,,2023-04-11,http://enrysisland.com,https://twitter.com/EnrysIsland,https://www.linkedin.com/company/enry's-island/,"Key Capital, LDA Capital"
Voyager,https://www.crunchbase.com/organization/voyager-8d36,,"Cryptocurrency, Finance, Financial Services, FinTech, Information Technology","Wilmington, Delaware, United States",Voyager offers a secure way to invest in cryptocurrencies and altcoins using its mobile application.,"50,098",2019-02-11,day,2022-12-19,day,2019-02-11,https://www.investvoyager.com,https://twitter.com/investvoyager,https://www.linkedin.com/company/investvoyager,"Blockdaemon, Digital Currency Group, Galaxy Digital, Streamlined Ventures, Karman Ventures"
Utrust,https://www.crunchbase.com/organization/utrust,,"Cryptocurrency, E-Commerce, FinTech, Mobile Payments, Payments, Web3","Lisbon, Lisboa, Portugal",Web3 payments technology. The radically better way to pay and get paid globally,"50,634",2022-01-11,day,2022-01-11,day,,https://utrust.com,https://twitter.com/utrust,https://www.linkedin.com/company/utrust-payments/,"Alchemist Accelerator, Andreas Schwartz"
Zabo,https://www.crunchbase.com/organization/zabo,,"Bitcoin, Cryptocurrency, Developer APIs, Finance, Financial Services, FinTech, Personal Finance","Dallas, Texas, United States",Zabo connects any crypto wallet to any application in a few lines of code.,"50,661",2021-08-04,day,2021-08-04,day,,https://zabo.com,https://twitter.com/zaboAPI,https://www.linkedin.com/company/zaboapi,"Castle Island Ventures, Digital Currency Group, Capital Factory, Moonshots Capital, CoinShares"
OpenFinance,https://www.crunchbase.com/organization/openfinance-network,,"Cryptocurrency, Financial Services, Trading Platform","Chicago, Illinois, United States",OpenFinance is a secondary market trading platform for digital alternative assets.,"50,726",2020-10-28,day,2020-10-28,day,,https://www.openfinance.io/,https://twitter.com/openfinanceio,https://www.linkedin.com/company/openfinance-network/,"SixThirty, HTX, M25, West Loop Ventures, ODIG"
Naga,https://www.crunchbase.com/organization/swipestox-ltd,,"Apps, Blockchain, Cryptocurrency, Financial Exchanges, Financial Services, FinTech, Innovation Management, Payments, Social","Hamburg, Hamburg, Germany",Naga AG Group is a German-based fintech company founded in 2015 and publicly listed on the Frankfurt Stock Exchange.,"51,003",2017-07-10,day,,,2017-07-10,https://www.naga.com,https://twitter.com/nagainvesting,https://www.linkedin.com/company/nagainvesting/,"Fosun International, Elevat3 Capital"
SimpleHash,https://www.crunchbase.com/organization/simplehash,,"Bitcoin, Blockchain, Cryptocurrency, Security","San Francisco, California, United States",SimpleHash is an NFT data platform that specializes in infrastructure for multi-chain NFT indexing and querying.,"52,702",2025-02-26,day,2025-02-26,day,,https://simplehash.com/,https://x.com/SimpleHashInc,https://www.linkedin.com/company/simplehash,"Y Combinator, FundersClub, Orange DAO, Outset Capital"
Skew,https://www.crunchbase.com/organization/skew,,"Bitcoin, Blockchain, Financial Services, FinTech, Software","London, England, United Kingdom",Skew is a platform that builds cutting-edge financial infrastructure for the digital assets space.,"52,805",2021-04-30,day,2021-04-30,day,,https://www.skew.com,https://twitter.com/skewdotcom,https://www.linkedin.com/company/skew-markets/,"Octopus Ventures, Kleiner Perkins, Firstminute Capital, Kima Ventures, Seedcamp"
Hut 8 Corp.,https://www.crunchbase.com/organization/hut-8,,"Blockchain, Cryptocurrency, Mining","Toronto, Ontario, Canada",Hut 8 Corp. is a cryptocurrency mining and blockchain infrastructure company focused on digital asset mining.,"53,180",2019-10-08,day,,,2019-10-08,https://hut8.com,,https://www.linkedin.com/company/hut8corp,"Coinbase, Coatue, Trinity Capital, Fidelity International, Gravitas Securities"
Edureka,https://www.crunchbase.com/organization/edureka,,"Big Data, Blockchain, Cloud Computing, Corporate Training, E-Learning, EdTech, Education, Information Technology, Training, Web Development","Bangalore, Karnataka, India","Edureka is an e-learning platform that provides courses in big data, analytics, cloud computing, programming, and application development.","53,510",2021-09-23,day,2021-09-23,day,,http://www.edureka.co,https://twitter.com/edurekaIN,http://www.linkedin.com/company/edureka,Leo Capital
Coincheck,https://www.crunchbase.com/organization/resupress,,"Bitcoin, Blockchain, FinTech, Information Services, Information Technology, Internet, News, Software","Tokyo, Tokyo, Japan",Coincheck is a fintech firm that operates bitcoin and cryptocurrency exchange platform.,"53,525",2024-12-10,day,2018-04-06,day,2024-12-10,https://corporate.coincheck.com/,https://x.com/coincheckjp,https://www.linkedin.com/company/coincheck/,"ANRI, WiL (World Innovation Lab), Incubate Fund, Ceres"
Amino Payments,https://www.crunchbase.com/organization/amino-2,,"Blockchain, Financial Services, Payments","Philadelphia, Pennsylvania, United States","Amino is a payments company bringing transparency to online advertising by eliminating fraud, waste, and abuse.","54,270",2021-01-14,day,2021-01-14,day,,https://www.aminopay.com/,https://www.twitter.com/aminopay,https://www.linkedin.com/company/amino-payments,"First Round Capital, Nyca Partners, AperiamVentures, Western Technology Investment, Auren Hoffman"
Cybavo,https://www.crunchbase.com/organization/cybavo,,"Asset Management, Bitcoin, Blockchain, Cyber Security, Financial Services, FinTech, Identity Management, Internet, Security, Trading Platform","Singapore, Central Region, Singapore",Cybavo provides digital asset custody infrastructure for crypto businesses.,"54,594",2022-06-10,day,2022-06-10,day,,https://www.cybavo.com,https://twitter.com/cybavo,https://www.linkedin.com/company/cybavo,"500 Global, Startup Island TAIWAN, New Economy Ventures, H&D Asset Management Company"
Evernym,https://www.crunchbase.com/organization/evernym,,"Blockchain, Cryptocurrency, Information Services, Information Technology, Software","Draper, Utah, United States","Evernym is a software company that develops decentralized, self-sovereign identity applications in order to form more trusting interactions","57,656",2021-12-09,day,2021-12-09,day,,http://evernym.com/,https://www.twitter.com/evernym,https://www.linkedin.com/company/evernym-inc-/,"Alumni Ventures, Blockwall, Outlier Ventures, Kosmos Ventures, Medici Ventures"
Staging Labs,https://www.crunchbase.com/organization/staging-labs,,"Blockchain, Cryptocurrency, Cyber Security, Software","Miami, Florida, United States",Staging Labs making crypto safe and easy to use.,"57,965",2024-06-04,day,2024-06-04,day,,https://www.staginglabs.io/,https://twitter.com/Staging_Labs,https://www.linkedin.com/company/staging-labs/,"Gaingels, Flourish Ventures, The General Partnership, NGC Ventures, Longterm Ventures"
Gem,https://www.crunchbase.com/organization/gem,,"Cryptocurrency, FinTech, Internet, Security, Software","Venice, California, United States",Gem is a cryptocurrency and blockchain technology.,"58,085",2022-03-09,day,2022-03-09,day,,http://gem.co,https://twitter.com/gemhq,https://www.linkedin.com/company/gem-hq,"First Round Capital, Blockchain Capital, Compound, Pelion Venture Partners, Digital Currency Group"
Staked us,https://www.crunchbase.com/organization/staked-us,,"Blockchain, Internet, Publishing","New York, New York, United States",Staked is a startup that provides institutional investors with the technical infrastructure for non-custodial staking services.,"58,524",2021-12-21,day,2021-12-21,day,,https://staked.us/,https://twitter.com/staked_us,https://www.linkedin.com/company/staked/,"Global Brain Corporation, Coinbase Ventures, Pantera Capital, Fabric Ventures, Digital Currency Group"
Jet Protocol Holdings,https://www.crunchbase.com/organization/jet-protocol-holdings,,"Blockchain, Financial Services, FinTech, Lending","Greenwich, Connecticut, United States",Jet Protocol Holdings is an operator of a lending platform.,"60,969",2024-10-29,day,2024-10-29,day,,https://jetprotocol.io,https://twitter.com/jetprotocol,https://www.linkedin.com/company/jetprotocol,"Robot Ventures, Reciprocal Ventures, GSR, Three Arrows Capital, ParaFi Capital"
Arise Travel,https://www.crunchbase.com/organization/arise-technology,,"Blockchain, Hotel, Travel","San Francisco, California, United States",Arise Travel is a Modern infrastructure for the travel industry.,"62,239",2025-02-28,day,2025-02-28,day,,https://arise.travel/,https://twitter.com/AriseTechnology,https://www.linkedin.com/company/arise.travel/,"Unshackled Ventures, Market One Capital, Varsha Rao, The Refiners, Innovation Nest"
Solscan,https://www.crunchbase.com/organization/solscan,,"Analytics, Blockchain","Singapore, Central Region, Singapore",Solscan is a full-suite block explorer and data analytics platform focusing on the Solana ecosystem.,"63,596",2024-01-03,day,2024-01-03,day,,https://solscan.io/,https://twitter.com/solscanofficial,https://www.linkedin.com/company/solscan-pte-ltd/about/,"Electric Capital, Peak XV Partners, Multicoin Capital, CoinGecko, Signum Capital"
Vinter,https://www.crunchbase.com/organization/vinter-capital,,"Cryptocurrency, Financial Services, FinTech","Stockholm, Stockholms Lan, Sweden",Vinter is a regulated index provider specialized in crypto assets.,"64,908",2024-11-12,day,2024-11-12,day,,https://vinter.co,https://twitter.com/vinterco,https://www.linkedin.com/company/vinterco/,"Octopus Ventures, Techstars, Gorilla Capital, Sting, Propel Capital"
Cambridge Blockchain,https://www.crunchbase.com/organization/cambridge-blockchain,,"Blockchain, Cyber Security, Financial Services, FinTech, Identity Management, Information Technology, Privacy, Software","Cambridge, Massachusetts, United States",Cambridge Blockchain develops blockchain-based identity management and compliance software solutions for financial institutions.,"65,494",2020-12-01,day,2020-12-01,day,,http://www.cambridge-blockchain.com/,https://twitter.com/C_Blockchain,https://www.linkedin.com/company/cambridge-blockchain-llc,"Flourish Ventures, Partech, Digital Currency Group, PayPal Ventures, Future Perfect Ventures"
TAP Network,https://www.crunchbase.com/organization/tap-coin,,"Banking, Big Data, Blockchain, E-Commerce, FinTech, Loyalty Programs, Marketplace","New York, New York, United States",TAP Network is a technology company building blockchain powered software for enterprise clients.,"66,568",2023-04-04,day,2023-04-04,day,,https://mytaprewards.com,https://twitter.com/mytaprewards,https://www.linkedin.com/company/mytaprewards,"Warner Music Group, Access Industries, Hard Yaka, Bill Tai, Nima Capital"
Mint Songs,https://www.crunchbase.com/organization/mint-songs,,"Blockchain, Cryptocurrency, Information Technology, Music, Web3","Washington, District of Columbia, United States",Mint Songs is the largest music NFT marketplace helping music artists build web3 communities,"68,186",2023-02-15,day,2023-02-15,day,,http://mintsongs.com/,https://twitter.com/mintsongs,https://www.linkedin.com/company/mint-songs,"Goodwater Capital, Coinbase Ventures, Castle Island Ventures, Freestyle Capital, Dapper Labs"
Kleoverse,https://www.crunchbase.com/organization/kleoverse,,"Artificial Intelligence (AI), Internet, Service Industry, Software, Web3","Finland, Minnesota, United States",Kleoverse is a AI-Hive-driven platform to work on web3.,"69,784",2024-07-26,day,2024-07-26,day,,https://www.proles.ai/kleoverse,,,"byFounders, Ville Vesterinen"
First Group,https://www.crunchbase.com/organization/first-group,,"Blockchain, Cryptocurrency, Finance, Financial Services, FinTech, Information Technology, Payments, Software","Giv'atayim, Tel Aviv, Israel",First Group is a financial service providing company.,"70,641",2022-02-16,day,2022-02-16,day,,https://www.firstdag.com,https://mobile.twitter.com/first_dag,https://www.linkedin.com/company/firstdag/,"Target Global, Mangrove Capital Partners, Scale-Up, Ronald Cohen"
BastionZero,https://www.crunchbase.com/organization/commonwealth-crypto,,"Cryptocurrency, Information Technology","Boston, Massachusetts, United States",BastionZero is developing technology to allow traders to maintain custody of their coins while trading at a cryptocurrency exchange,"71,441",2024-05-30,day,2024-05-30,day,,https://www.bastionzero.com,https://twitter.com/getBastionZero,https://www.linkedin.com/company/bastionzero,"Underscore VC, Akamai Technologies, Highland Capital Partners, Dell Technologies Capital, Notation Capital"
Quadrant,https://www.crunchbase.com/organization/quadrant,,"Artificial Intelligence (AI), Big Data, Blockchain, Compliance, Enterprise Applications, Geospatial, Information Technology, Location Based Services, Real Time, Software","Singapore, Central Region, Singapore",Quadrant provides an online platform that helps users to find charts and share economic data in a faster and more convenient way.,"71,446",2021-08-25,day,2021-08-25,day,,https://quadrant.io/,https://twitter.com/quadrant_io,https://www.linkedin.com/company/quadrantio/,"Wavemaker Partners, JFDI.Asia"
Learning Machine Technologies,https://www.crunchbase.com/organization/learning-machine,,"Blockchain, Education, Government, Human Resources, Identity Management, SaaS","New York, New York, United States","Blockchain, SaaS, Digital Credentials, Identity Docs, Blockchain, Enterprise","72,744",2020-02-05,day,2020-02-05,day,,http://www.learningmachine.com,https://www.twitter.com/learningmach1,https://www.linkedin.com/company/2137722/,"Learn Capital, Omidyar Network, PTB Ventures"
RateS,https://www.crunchbase.com/organization/rate-2deb,,"Blockchain, E-Commerce","Singapore, Central Region, Singapore",Rate is a social commerce startup focused on Tier-2/3 cities in rural Indonesia.,"73,481",2023-09-14,day,2023-09-14,day,,https://ratesapp.co.id,https://twitter.com/rates_idn,https://sg.linkedin.com/company/ratesg,"Insignia Ventures Partners, Vertex Ventures Southeast Asia & India, Genesis Alternative Ventures, Beacon Venture Capital, KVision"
Propine,https://www.crunchbase.com/organization/propine-capital,,"Bitcoin, Blockchain, Cryptocurrency, Finance, Financial Services, FinTech, Information Technology, Internet","Singapore, Central Region, Singapore",Propine provides digital custody and crypto management services.,"75,651",2024-10-22,day,2024-10-22,day,,https://propine.com,https://twitter.com/PropineGlobal,https://www.linkedin.com/company/propine,"Entrepreneurs First, Golden Gate Ventures, Tenity, Wave Digital Assets, LuneX Ventures"
Bits,https://www.crunchbase.com/organization/bits-af10,,Cryptocurrency,"Las Vegas, Nevada, United States",Bits set up automatic investments at regular intervals within the Bits app to strengthen the value of your micro-investments.,"77,180",2024-11-19,day,2024-11-19,day,,https://www.bitscrypto.com/,,https://www.linkedin.com/company/bitscrypto/about/,"Founders, Inc., Founders Committee Ventures"
BitOasis,https://www.crunchbase.com/organization/bitoasis,,"Bitcoin, Cryptocurrency, Financial Services, FinTech, Payments","Dubai, Dubai, United Arab Emirates","BitOasis is a cryptocurrency trading platform offering a digital asset wallet and exchange to buy, sell, and trade.","79,505",2024-07-03,day,2024-07-03,day,,http://bitoasis.net,https://twitter.com/bitoasis,https://www.linkedin.com/company/bitoasis-technologies-fze/about/,"Digital Currency Group, Global Founders Capital, Pantera Capital, CoinDCX, 1776 Ventures"
Golden,https://www.crunchbase.com/organization/golden-2cb6,,"Artificial Intelligence (AI), Blockchain, Machine Learning, Natural Language Processing, Software","Claymont, Delaware, United States",Golden is a developer of a self-constructing knowledge database used to accelerate discovery and education.,"80,100",2024-04-24,day,2024-04-24,day,,https://golden.com,https://twitter.com/Golden,https://www.linkedin.com/company/golden-recursion-inc/,"Andreessen Horowitz, Founders Fund, Quiet Capital, FalconX, Bossa Invest"
Tech Bureau,https://www.crunchbase.com/organization/tech-bureau-inc-,,"Cryptocurrency, FinTech, Security","Osaka, Osaka, Japan",Tech Bureau provides cryptographic currency and Blockchain technology using exchange API to handle currency encryption.,"80,495",2018-11-22,day,2018-11-22,day,,http://techbureau.jp,,https://www.linkedin.com/company/tech-bureau-corp.,"JAFCO, Hiroshima Venture Capital, Arara, Asteria, Nippon Technology Venture Partners"
Qori,https://www.crunchbase.com/organization/qori-6fac,,"Cryptocurrency, Financial Services, Payments, Retail, Service Industry","Paris, Ile-de-France, France",Qori is a pioneer mobile payment solution allowing brick and mortattr merchants to cost-effectively accept bank and crypto payments.,"82,487",2023-03-15,day,2023-03-15,day,,http://www.qori.me/,,https://www.linkedin.com/company/qori-me/?viewAsMember=true,"Systema, Firestartr, Hottinger Group, Golden Record Ventures, T0 Ventures"
Mediachain,https://www.crunchbase.com/organization/mediachain,,"Art, Blockchain, Cryptocurrency, Digital Media, Social Media Marketing","Brooklyn, New York, United States",Mediachain automatically connects media to its creator and information about it.,"83,196",2017-04-26,day,2017-04-26,day,,http://www.mediachain.io/,https://twitter.com/mediachain_,https://www.linkedin.com/company/mediachain-labs-logo/,"Andreessen Horowitz, Union Square Ventures, Digital Currency Group, LDV Capital, RRE Ventures"
Loco,https://www.crunchbase.com/organization/the-loco-app,,"Apps, Blockchain, Gaming, Video Streaming","Mumbai, Maharashtra, India",Loco is an Indian game streaming platform.,"84,958",2024-09-26,day,2024-09-26,day,,https://www.loco.gg/,https://twitter.com/getloconow,https://www.linkedin.com/company/loco-india,"3one4 Capital, Krafton, Makers Fund, Korea Investment Partners, Lumikai"
consola.finance,https://www.crunchbase.com/organization/consola-finance,,"Accounting, Analytics, B2B, Web3","Vienna, Wien, Austria",consola.finance is a business-to-business finance and accounting SaaS platform that aims to automate financial processes.,"85,332",2024-03-12,day,2024-03-12,day,,https://consola.finance,https://twitter.com/consolafinance,https://www.linkedin.com/company/consola-finance,"Speedinvest, Blockchain Founders Fund, Johann ""Hansi"" Hansmann, Eric Demuth, Diamond hands"
Stablehouse,https://www.crunchbase.com/organization/stablehouse,,"Cryptocurrency, Financial Exchanges, Financial Services, Information Technology","Hamilton, Hamilton, Bermuda","Investment platform for individuals and institutions who seek innovative, sustainable, and compliant opportunities through digital assets.","87,352",2023-08-10,day,2023-08-10,day,,https://www.stablehouse.com,https://twitter.com/stablehouse,https://www.linkedin.com/company/stablehouse,"Dragonfly, Liberty City Ventures, Lukka, XBTO Group, John O'Brien"
Transpose,https://www.crunchbase.com/organization/nfty-cty,,"Blockchain, Developer APIs, Ethereum, Information Technology, Software, Web3","New York, New York, United States",Transpose is a Web3 data and infrastructure startup.,"88,275",2023-05-30,day,2023-05-30,day,,https://transpose.io,https://twitter.com/TransposeData,https://www.linkedin.com/company/transpose,"MaC Venture Capital, Pareto Holdings, Soma Capital, Nadav Ben-Chanoch, Jon Oringer"
Bladex,https://www.crunchbase.com/organization/bladex,,"Banking, Bitcoin, Financial Services","Panama City, Panama, Panama","Banco Latinoamericano de Comercio Exterior, S.A. (the Bank or Bladex) a supranational bank established by central banks of Latin American","91,205",1992-10-02,day,,,1992-10-02,http://bladex.com,,https://www.linkedin.com/company/bladex,"BNP Paribas, Wells Fargo"
Pulsar Finance,https://www.crunchbase.com/organization/pulsar-finance,,"Cryptocurrency, Ethereum, Finance, FinTech","Sydney, New South Wales, Australia","Pulsar Finance aims to streamline access to relevant data for users and developers alike, making the management and development.","91,560",2023-11-13,day,2023-11-13,day,,https://pulsar.finance,https://twitter.com/PulsarFinance/,,"NEAR, Terra, Accomplice, Signum Capital, Cetacean Capital"
Kaiju Labs,https://www.crunchbase.com/organization/kaiju-web3-labs,,"Apps, Blockchain, Gaming, Web3","Singapore, Central Region, Singapore",We help game developers build Web3 games with zero blockchain knowledge and let their players sign up in one-click and play with no friction,"92,721",2024-11-21,day,2024-11-21,day,,https://www.kaiju3d.com/,https://twitter.com/kaijuweb3labs,https://www.linkedin.com/company/80856182/admin/feed/posts/,"Tenity, XRPL Grants, nVentures"
SafeWire,https://www.crunchbase.com/organization/safechain-llc,,"Blockchain, Government, Real Estate, Software","Columbus, Ohio, United States",SafeWire provides software to title companies to combat wire fraud in real estate transactions.,"94,339",2021-12-13,day,2021-12-13,day,,https://safewire.com,https://www.twitter.com/safechain_io,https://www.linkedin.com/company/safechain-financial-llc/,"Rev1 Ventures, M25, Aspect Ventures, Social Capital, Precursor Ventures"
Intoolab,https://www.crunchbase.com/organization/iyouth-lab,,"Artificial Intelligence (AI), Biotechnology, Collaboration, EdTech, Health Care, Machine Learning, Natural Language Processing, Software, Web3","London, England, United Kingdom","Intoolab is a Bayesian Network Artificial Intelligence company, to expand and improve data analysis and A.I across video games and Web3.","98,958",2022-05-18,day,2022-05-18,day,,http://www.intoolab.com,https://www.twitter.com/intoolab,https://www.linkedin.com/company/intoolab,"SFC Capital, Digital Science"
StrongSalt,https://www.crunchbase.com/organization/overnest-inc,,"Blockchain, Cloud Security, Computer, Enterprise Applications, Enterprise Software, Internet, Privacy, Security, Software","San Jose, California, United States","StrongSalt is building a secure team communication application providing encrypted messaging, archiving, and search for innovative teams.","99,962",2022-02-15,day,2022-02-15,day,,https://www.strongsalt.com/index.html,https://twitter.com/getstrongsalt,https://www.linkedin.com/company/strongsalt/,"Fusion Fund, UpHonest Capital, DHVC, Valley Capital Partners, Wei Guo"
StreetCred,https://www.crunchbase.com/organization/streetcred,,"Blockchain, Data Integration, Location Based Services, Mapping Services","New York, New York, United States",StreetCred offers accessible data for places people care about.,"102,538",2021-01-11,day,2021-01-11,day,,https://www.streetcred.co/,https://twitter.com/streetcredlabs,https://www.linkedin.com/company/streetcredlabs,"Wonder Ventures, Bowery Capital, Notation Capital, Studio VC, Nicholas Chirls"
paymennt.com,https://www.crunchbase.com/organization/pointcheckout,,"Cryptocurrency, FinTech, Payments","Abu Dhabi, Abu Dhabi, United Arab Emirates","Paymennt is a mobile-first payments platform allowing businesses to accept payments online, in person, or through payment links.","102,640",2023-02-14,day,2023-02-14,day,,https://www.paymennt.com,https://twitter.com/paymennt,https://www.linkedin.com/company/paymenntcom,"500 Global, Oraseya Capital, Sheraa Sharjah, Arzan Venture Capital, HALA Ventures"
Purse,https://www.crunchbase.com/organization/purse-io,,"Bitcoin, Cryptocurrency, FinTech","San Francisco, California, United States",Purse provides real incentive to use Bitcoin to the largest selection at the lowest price points.,"103,463",2023-06-30,day,2023-06-30,day,,https://purse.io,http://twitter.com/purseio,http://www.linkedin.com/company/purseio,"Plug and Play, Strong Ventures, Digital Currency Group, FundersClub, Digital Finance Group (DFG)"
StakeWith.Us,https://www.crunchbase.com/organization/stakewith-us,,"Blockchain, Cryptocurrency, Financial Services, Information Technology, Virtual Reality","Singapore, Central Region, Singapore",Stakewithus is a non-custodial staking services provider.,"106,231",2024-09-10,day,2024-09-10,day,,https://stakewith.us/,https://twitter.com/StakeWithUs,https://www.linkedin.com/company/stakewithus/,"LuneX Ventures, SGInnovate"
LastRoots,https://www.crunchbase.com/organization/lastroots,,Cryptocurrency,"Tokyo, Tokyo, Japan",LastRoots  is a cryptocurrency developer.,"106,611",2019-01-29,day,2019-01-29,day,,https://www.lastroots.com/,,https://www.linkedin.com/company/13434318/,"SBI Investment, SBI Group, Exia, OKWave"
Proxy,https://www.crunchbase.com/organization/martians,,"Augmented Reality, Blockchain, Consumer, Identity Management, Information Technology, Mobile, Mobile Apps, Software","San Francisco, California, United States","Access More, Share Less. Proxy designs and builds privacy-first, human-led, identity technologies. With Proxy ID, your world is now open.","109,761",2023-05-09,day,2023-05-09,day,,https://proxy.co/,,https://www.linkedin.com/company/proxy-technologies/,"Y Combinator, Coatue, Kleiner Perkins, Blackbird Ventures, Silicon Valley Bank"
Dogecoin,https://www.crunchbase.com/organization/dogecoin,,"Apps, Cryptocurrency, Internet, Peer to Peer","San Francisco, California, United States",Dogecoin is a peer-to-peer digital currency based on the popular doge meme founded by IBM engineers.,"110,413",2024-10-08,day,2024-10-08,day,,http://dogecoin.com,http://twitter.com/dogecoin,https://www.linkedin.com/company/dogecoin/,"Grand 365 Capital, JDI Ventures, C. Adam Gutiérrez"
Minke,https://www.crunchbase.com/organization/minke,,"Financial Services, FinTech, Web3","Melbourne, Victoria, Australia","Minke is the best way to save, earn and invest with DeFi on mobile.","113,095",2024-04-19,day,2024-04-19,day,,https://www.minke.app,https://twitter.com/minkeapp,https://www.linkedin.com/company/minke-app,"Startmate, Rayn Ong, Danny Gorog, Quentin Wallace, Eytan Lenko"
CryptoFacilities,https://www.crunchbase.com/organization/cryptofacilities,,"Bitcoin, Financial Services, FinTech","London, England, United Kingdom",Crypto Facilities is a London-based financial services firm and provides risk management and trading solutions.,"113,442",2019-02-04,day,2019-02-04,day,,https://www.cryptofacilities.com/,https://twitter.com/cryptofltd,https://www.linkedin.com/company/crypto-facilities-ltd,"Digital Currency Group, Playfair Capital, Pamir Gelenbe, String Ventures, Lee Robinson"
CryptoTax,https://www.crunchbase.com/organization/cryptotax,,"Cryptocurrency, Financial Services, FinTech, Information Technology, Legal Tech, SaaS, Software","Munich, Bayern, Germany",Tax reporting and compliance solutions for all digital assets.,"118,320",2020-09-09,day,2020-09-09,day,,https://cryptotax.io/,https://twitter.com/CryptoTaxApp,https://www.linkedin.com/company/21consulting,coinIX
Luxxfolio,https://www.crunchbase.com/organization/luxxfolio,,"Bitcoin, Blockchain, Cryptocurrency, Information Technology, Internet","Vancouver, British Columbia, Canada","Luxxfolio utilizes a secure permission-based technology, record keeping, and other trust-based authentication.","118,424",2019-05-06,day,,,2019-05-06,https://luxxfolio.com/,https://twitter.com/LuxxfolioH,https://ca.linkedin.com/company/luxxfolio-holdings,Bigg Digital Assets
Chain Debrief,https://www.crunchbase.com/organization/chain-debrief,,Cryptocurrency,"Singapore, Central Region, Singapore",Chain Debrief operates as a media platform dedicated to crypto.,"118,982",2024-08-20,day,2024-08-20,day,,https://chaindebrief.com/,https://twitter.com/chaindebrief,https://www.linkedin.com/company/chaindebrief/,"CoinHako, QCP Capital, Double Peak Group, Arthur Cheong, Gecko Ventures"
Thred Technologies,https://www.crunchbase.com/organization/thred-technologies,,"Artificial Intelligence (AI), Cryptocurrency, Search Engine","Seattle, Washington, United States",Thred Technologies is an AI-powered NFT search and discovery platform that is currently in private beta.,"122,985",2023-05-23,day,2023-05-23,day,,https://thred.xyz/,,https://www.linkedin.com/company/thredtechnologies,"Brightloom, Augeo Marketing, Kindergarten Ventures"
Tropix.io,https://www.crunchbase.com/organization/tropix-io,,"Art, Blockchain, Non-Fungible Token (NFT)","Intercession City, Florida, United States",Tropix develops simple-to-use NFT creation technologies.,"125,427",2022-07-25,day,2022-07-25,day,,http://tropix.io,https://twitter.com/tropix_io,https://www.linkedin.com/company/tropix-io/about/,"2TM, Norte Ventures"
Origins Analytics,https://www.crunchbase.com/organization/origins-analytics,,"Analytics, Blockchain, Cryptocurrency, Software",,Origins Analytics provides analytics software using on- and off-chain data.,"126,914",2023-11-02,day,2023-11-02,day,,https://originsnft.io,https://twitter.com/OriginsNFT,https://www.linkedin.com/company/origins-analytics,"Twelve Below, Saison Capital, The Spartan Group, Mirana, Folius Ventures"
Curisium,https://www.crunchbase.com/organization/curisium,,"Blockchain, Health Care","Manhattan Beach, California, United States",Innovative Healthcare Contracting,"128,330",2020-07-20,day,2020-07-20,day,,http://www.curisium.com,https://twitter.com/curisium,https://www.linkedin.com/company/curisium/,"New Enterprise Associates, Flare Capital Partners, Green Bay Ventures, Sanofi Ventures, Shuttle Fund"
Bitski,https://www.crunchbase.com/organization/bitski,,"Apps, Blockchain, Content Creators, Cryptocurrency, Non-Fungible Token (NFT)","San Francisco, California, United States",Bitski provides blockchain wallet infrastructure for creating and selling NFTs.,"129,768",2024-05-21,day,2024-05-21,day,,https://www.bitski.com,https://twitter.com/bitski,https://www.linkedin.com/company/bitski,"Andreessen Horowitz, Village Global, Founders Fund, Coinbase Ventures, SV Angel"
Mooch,https://www.crunchbase.com/organization/mooch-b0ec,,"Blockchain, Consumer, FinTech","San Francisco, California, United States","Consumer app focused on personal finance automation on payday using AI to help people budget, shop, and save money.","130,826",2024-10-03,day,2024-10-03,day,,https://amoochlife.com,,https://www.linkedin.com/company/amoochlife/,"Hustle Fund, Orange DAO, Bee Partners, f7 Ventures, Sprint Vc"
Forkast.News,https://www.crunchbase.com/organization/forkast-news,,"Blockchain, Digital Media, News, Online Portals","Hong Kong, Hong Kong Island, Hong Kong","Forkast.News is a digital media platform covering blockchain and emerging tech at the intersection of business, economy, and politics.","134,520",2023-01-17,day,2023-01-17,day,,http://www.forkast.news,https://twitter.com/Forkast_News,https://www.linkedin.com/company/forkastnews/,"Animoca Brands, Alibaba Entrepreneurs Fund, CMCC Global, AMTD Group, Fenbushi Capital"
The NAGA Group,https://www.crunchbase.com/organization/the-naga-group,,"Blockchain, Cryptocurrency, Finance, Financial Services, FinTech, Information Technology, Innovation Management, Mobile Apps, Personal Finance","Hamburg, Hamburg, Germany",NAGA AG Group is a German-based fintech company founded in 2015 and publicly listed on the Frankfurt Stock Exchange.,"142,698",2017-07-10,day,,,2017-07-10,https://naga.com,https://twitter.com/thenagagroup,https://www.linkedin.com/company/the-naga-group-ag/,"Fosun International, Hauck & Aufhauser"
Stakes,https://www.crunchbase.com/organization/stakes,,"Blockchain, Cryptocurrency, Mobile Apps, Social Media, Sports","New York, New York, United States",Stakes is a social wagering platform for NFTs that transforms sports betting into a more social activity,"145,394",2024-04-16,day,2024-04-16,day,,https://www.playwithstakes.com,https://twitter.com/playwithstakes,https://www.linkedin.com/company/playwithstakes,"Digital Currency Group, Matrixport, Cadenza Ventures, LD Capital, Visary Capital"
Basset,https://www.crunchbase.com/organization/basset-inc,,"Analytics, Big Data, Cryptocurrency, FinTech, Information Technology","Higashi-shinagawa, Tokyo, Japan",Basset is a blockchain data analytics firm that provides its clients with valuable insights into the cryptocurrency ecosystem.,"145,953",2021-07-02,day,2021-07-02,day,,https://basset.ai/,https://x.com/basset_ai,https://linkedin.com/company/basset-inc/,"Coral Capital, G-STARTUP"
Dharma Labs,https://www.crunchbase.com/organization/dharma-labs,,"Blockchain, Credit, FinTech, Lending, Peer to Peer","San Francisco, California, United States",Dharma Labs is a protocol for generic tokenized debt agreements.,"151,093",2022-01-17,day,2022-01-17,day,,https://dharma.io/,https://twitter.com/Dharma_HQ,https://www.linkedin.com/company/dharma-protocol/,"Y Combinator, Coinbase Ventures, Cantos, Lemniscap, FinTech Collective"
Huoxun,https://www.crunchbase.com/organization/hxuoun-com,,"Blockchain, Media and Entertainment, News","Beijing, Beijing, China",Huoxun is an integrated media service platform in the blockchain industry.,"156,585",2022-08-06,day,2022-08-06,day,,http://huoxun.com/,,,"Huaying, JD Capital, Asch, Oukai Lianchuang Network Technology, Fanshun Technology"
Omniex,https://www.crunchbase.com/organization/omniex,,"Blockchain, Cryptocurrency, Finance, Financial Services, FinTech, Software, Trading Platform","San Francisco, California, United States","Omniex develops software infrastructure that integrates front, middle, and back-office services to simplify access and remove fragmentation.","158,771",2022-01-19,day,2022-01-19,day,,https://omniex.io,https://twitter.com/OmniexInc,https://www.linkedin.com/company/omniexinc/,"Digital Currency Group, Sierra Ventures, Jump Capital, Clocktower Technology Ventures, SIX"
Earn.com,https://www.crunchbase.com/organization/earn-com,,"Bitcoin, Cryptocurrency, Email, FinTech, Internet, Social Network, Virtual Currency","San Francisco, California, United States",Earn money for replying to emails and completing tasks.,"163,489",2018-04-16,day,2018-04-16,day,,https://earn.com/,https://x.com/earndotcom,https://www.linkedin.com/company/18311064/,"Andreessen Horowitz, Khosla Ventures, Founders Fund, Pantera Capital, Qualcomm Ventures"
BSAVE,https://www.crunchbase.com/organization/bsave,,"Bitcoin, Cryptocurrency, Finance, Financial Services, FinTech","London, England, United Kingdom",BSAVE enables users to profit from their dormant bitcoins,"168,198",2019-06-24,day,2019-06-24,day,,https://www.bsave.io/,https://twitter.com/bsave_io,,"BnkToTheFuture, Bitcoin Capital"
GameOn,https://www.crunchbase.com/organization/gameon-8dd7,,"Blockchain, Consumer Applications, Cryptocurrency, Fantasy Sports, Gaming","Vancouver, British Columbia, Canada","GameOn creates games that utilize NFTs, predictive gaming, and fantasy elements, all crafted to optimize fan involvement.","168,866",2021-06-01,day,2020-09-18,day,2021-06-01,https://gameon.app,https://twitter.com/gameonfanapp,https://www.linkedin.com/company/gameonfanapp,"Techstars, HBAR Foundation, Jackson Moses, Flow, Arbitrum"
BlockSeer,https://www.crunchbase.com/organization/blockseer,,"Analytics, Artificial Intelligence (AI), Bitcoin, Finance, Machine Learning","Palo Alto, California, United States",Blockseer provides the analytics tools for transactions and applications on the blockchain.,"170,102",2018-02-13,day,2018-02-13,day,,https://www.blockseer.com,https://www.twitter.com/blockseer,https://www.linkedin.com/company/6600036,"Plug and Play, ZhenFund, Amasia, TSVC, Fenbushi Capital"
CoinText,https://www.crunchbase.com/organization/cointext,,"Bitcoin, Cryptocurrency, Transaction Processing, Virtual Currency","Nashua, New Hampshire, United States",CoinText  is a service to transact cryptocurrency with any type of mobile phone over text messages without the need for Internet.,"172,574",2022-01-01,day,2022-01-01,day,,https://cointext.io/,,,Yeoman's Capital
Sealance Corp.,https://www.crunchbase.com/organization/sealance-corp,,"Blockchain, Financial Services","Miami, Florida, United States",Sealance is a developer of platform for financial compliance into digital currencies using privacy-preserving cryptography.,"183,514",2025-02-27,day,2025-02-27,day,,https://www.sealance.io/,https://twitter.com/sealance_io,https://www.linkedin.com/company/sealance,"Coinbase Ventures, Ribbit Capital, Galaxy Digital, DCG Expeditions, Gemini Frontier Fund"
Forge Platform,https://www.crunchbase.com/organization/forge-platform,,Ethereum,"Woodland, California, United States",Forge Platform provides real-time and historical insights for ethereum based projects.,"189,563",2019-01-01,day,2019-01-01,day,,http://forgeplatform.com/,,,"Upfront Ventures, Manta Ray Ventures"
Robinland,https://www.crunchbase.com/organization/robinland,,"Cryptocurrency, FinTech, Real Estate, Virtual Currency","Sunnyvale, California, United States",Robinland engages in real estate on-chain crypto tokens to help real estate developers access liquidity from Defi lenders.,"191,009",2023-05-23,day,2023-05-23,day,,https://www.robinland.io,https://twitter.com/Robinlandio,https://www.linkedin.com/company/robinland,"Great Wave Ventures, Eniac Ventures"
Rollfi,https://www.crunchbase.com/organization/rollfi,,"Bitcoin, Cryptocurrency, Financial Exchanges, Financial Services, Payments","New York, New York, United States","Rollfi is a financial platform that offers cryptocurrency, online payment, electronic fund transfers, and transaction information services.","200,830",2025-01-23,day,2025-01-23,day,,https://www.rollfi.xyz/,https://twitter.com/rollfi_xyz,https://www.linkedin.com/company/rollfi/,"Circle Ventures, Launchpad Capital, David Carrico"
Glidera,https://www.crunchbase.com/organization/glidera,,"Bitcoin, Cryptocurrency, Financial Services, FinTech","Chicago, Illinois, United States",Glidera makes digital currency wallets better by providing applications the ability to offer bitcoin buy and sell services.,"210,540",2016-12-13,day,2016-12-13,day,,http://www.glidera.com/,http://twitter.com/GlideraInc,http://www.linkedin.com/company/glidera,"Techstars, Right Side Capital Management"
US Bitcoin Corp,https://www.crunchbase.com/organization/us-bitcoin-corp,,"Bitcoin, Cryptocurrency, Data Mining","Miami, Florida, United States","US Bitcoin Corp is offering cost-effective mining, enabling consumers to have access to feasible mining services.","219,263",2023-02-07,day,2023-02-07,day,,https://www.usbtccorp.com/,,https://www.linkedin.com/company/usbtc,"Blockchain Founders Fund, Archetype, Bossa Invest, 25madison, Accomplice"
Tuned,https://www.crunchbase.com/organization/tuned,,"Bitcoin, Cryptocurrency, Finance, Financial Services, FinTech, Information Technology, Internet, Software, Trading Platform","San Francisco, California, United States","The all-in-one trading platform to create, automate, and monetize strategies.","228,937",2023-05-03,day,2023-05-03,day,,https://www.tuned.com/,https://twitter.com/tuned_crypto,https://www.linkedin.com/company/tuned,"New Form Capital, Graph Ventures, Bobby Brannigan"
ZASH,https://www.crunchbase.com/organization/zash-bddc,,"Blockchain, Data Integration","London, England, United Kingdom",Zash is the NFT data infrastructure and intelligence API.,"254,227",2023-11-22,day,2023-11-22,day,,https://www.zash.sh/,https://twitter.com/zash_api,https://www.linkedin.com/company/joinzash,"Entrepreneurs First, Connect Ventures, Pareto Holdings, SGH CAPITAL, Edward Lando"
LibertyX,https://www.crunchbase.com/organization/libertyx,,"Bitcoin, Financial Services, FinTech","Boston, Massachusetts, United States","LibertyX is America's oldest and largest network of bitcoin ATMs, cashiers, and kiosks.","260,550",2021-08-02,day,2021-08-02,day,,https://libertyx.com/,https://twitter.com/libertyx,https://in.linkedin.com/company/libertyx,"MassChallenge, Bantam Group, Sandy Cass, Project 11 Ventures"
Vella Finance,https://www.crunchbase.com/organization/vella-43e3,,"Blockchain, Cryptocurrency, Financial Services, FinTech, Peer to Peer, Small and Medium Businesses","Wilmington, Delaware, United States",Banking and global payments infrastructure built for enterprise in Africa,"264,462",2024-02-14,day,2024-02-14,day,,https://vella.finance/,https://twitter.com/VellaFinance,https://www.linkedin.com/company/vella-finance,LoftyInc Capital
Damex,https://www.crunchbase.com/organization/damex,,"Asset Management, Blockchain, Cryptocurrency, Financial Services","Gibraltar, Gibraltar, Gibraltar","Damex is a platform for payments that provides sending and storing of cryptocurrencies, digital assets, and blockchain services.","275,157",2024-10-14,day,2024-10-14,day,,https://www.damex.io/,https://twitter.com/damex_io?lang=en,https://www.linkedin.com/company/damexio/,"FunFair Ventures, coinIX, Cetacean Capital, Alpha Praetorian Capital, Belobaba Fund"
Bitaccess,https://www.crunchbase.com/organization/bitaccess,,"Bitcoin, Blockchain, Cloud Management, Finance, FinTech, Software","Ottawa, Ontario, Canada",Bitaccess Inc is a Canadian Fintech startup focusing on Blockchain technologies.,"285,330",2022-11-02,day,2022-11-02,day,,https://www.bitaccess.ca,http://twitter.com/Bitaccess,https://www.linkedin.com/company/bitaccess/,"Y Combinator, FundersClub, Pantera Capital, Blockchain Capital, Real Ventures"
Rhodium Enterprises,https://www.crunchbase.com/organization/rhodium-enterprises,,"Bitcoin, Blockchain, Trading Platform","Rockdale, Texas, United States",Rhodium Enterprises is a digital asset technology company that utilizes proprietary tech to self-mine bitcoin.,"293,175",2022-09-29,day,2022-09-29,day,,https://rhdm.com,https://twitter.com/rhodium_inc,https://www.linkedin.com/company/rhodium-enterprises-inc,PALcapital
Xunlei,https://www.crunchbase.com/organization/kankan,,"Blockchain, Cloud Computing, Information Technology, Software","Shenzhen, Guangdong, China",Xunlei Limited is a global innovator in shared computing and blockchain technology.,"298,412",2014-06-24,day,,,2014-06-24,http://www.xunlei.com/,,http://www.linkedin.com/company/3822035,"Google, Morningside, Xiaomi, IDG Capital, Primavera Capital Group"
Sonar,https://www.crunchbase.com/organization/sonar-9804,,Web3,"San Francisco, California, United States",Sonar is a social gaming application that incorporates web3 support and allows users to play games while supporting blockchain technology.,"299,507",2022-12-05,day,2022-12-05,day,,https://sonar.app,https://twitter.com/Sonar,https://www.linkedin.com/company/sonar,Y Combinator
Due Dilly,https://www.crunchbase.com/organization/due-dilly,,"Blockchain, Computer Vision, Marketplace, Sports, Trading Platform","Houston, Texas, United States","Due Dilly is a sports card NFT marketplace that offers real-time pricing data, market value, assessment, and seller information details.","305,875",2022-09-19,day,2022-09-19,day,,https://duedilly.co,,https://www.linkedin.com/company/due-dilly,Acequia Capital (AceCap)
FundsDLT,https://www.crunchbase.com/organization/fundsdlt,,"Asset Management, Blockchain, Financial Services, FinTech, IT Infrastructure","Luxembourg, Luxembourg, Luxembourg","FundsDLT is reshaping investment funds distribution by leveraging on Investment Fund Tokenization, Cloud computing and APIs.","308,606",2023-08-03,day,2023-08-03,day,,https://www.fundsdlt.net/,https://twitter.com/fundsdlt,https://www.linkedin.com/company/fundsdlt,"Credit Suisse, Clearstream, Natixis, Deutsche Borse, Luxembourg Stock Exchange"
BuyWithMe,https://www.crunchbase.com/organization/buywithme,,"Banking, Blockchain, Communities, Cryptocurrency, E-Commerce, Financial Services, Group Buying, Mobile Payments, Payments, Transaction Processing","New York, New York, United States","BuyWithMe is providing a borderless payment ecosystem through QR code and Libra coins,  where local merchants can offer deals to members","314,079",2011-11-02,day,2011-11-02,day,,https://www.buywithme.app,,,"Bain Capital, Bain Capital Ventures, Matrix, Christian Dahlen, Pinnacle Ventures"
Bondly,https://www.crunchbase.com/organization/bondly,,"Blockchain, Cryptocurrency, Finance, Software","Tallinn, Harjumaa, Estonia",Bondly is the premiere NFT solutions provider empowering the next generation of NFT creators.,"362,922",2021-09-17,day,2021-09-17,day,,https://www.bondly.finance/,https://twitter.com/bondlyfinance,https://ca.linkedin.com/company/bondly-finance?trk=public_profile_experience-item_profile-section-card_subtitle-click,Zokyo
Gummys TV,https://www.crunchbase.com/organization/gummys-tv,,"Blockchain, Cryptocurrency, Video Streaming","Singapore, Central Region, Singapore",Gummys is a video and streaming platform that runs on WEB 3.0.,"368,241",2024-05-31,day,2024-05-31,day,,https://gummys.io/,https://twitter.com/Gummys_io,https://www.linkedin.com/company/77685588,CV Labs
Nets,https://www.crunchbase.com/organization/nets,,"Blockchain, Financial Services, Information Services, Payments, Security, Software","Ballerup, Hovedstaden, Denmark","Nets is a provider of payments, card, and information services with an ambition.","374,401",2016-09-23,day,2020-11-15,day,2016-09-23,https://nets.eu,https://www.twitter.com/netsgroup,https://www.linkedin.com/company/nets-group,"Bain Capital, Advent International, VIA Equity, ATP Private Equity Partners"
flov Technologies,https://www.crunchbase.com/organization/flov-technologies-ag,,"Blockchain, Financial Services, FinTech, Information Technology, Marketplace","Zug, Zug, Switzerland",flov Technologies is a digital peer to peer marketplace that utilizes distributed ledger technology as a settlement infrastructure.,"377,748",2024-08-14,day,2024-08-14,day,,https://www.flovtec.com/,,https://www.linkedin.com/company/flov-technologies/,CV VC
Portis,https://www.crunchbase.com/organization/portis,,"Blockchain, Consumer Software, Cryptocurrency, Ethereum, FinTech, Information Technology, Software","Tel Aviv, Tel Aviv, Israel",Portis is a platform for making Decentralized Applications accessible to mainstream users.,"395,745",2020-04-14,day,2020-04-14,day,,https://www.portis.io,https://www.twitter.com/portis_io,https://www.linkedin.com/company/portis/,F2 Venture Capital
Minebox,https://www.crunchbase.com/organization/minebox,,"Archiving Service, Bitcoin, Blockchain, Cloud Data Services, Cloud Storage, Cryptocurrency, Information Technology, Peer to Peer, Software, Telecommunications","Vienna, Wien, Austria",The power of Dropbox and Blockchain bundled in a box.,"396,290",2017-11-29,day,2017-11-29,day,,https://minebox.io,https://www.twitter.com/mineboxhq,https://www.linkedin.com/company/minebox-gmbh,Coinsilium Group
Dispatch,https://www.crunchbase.com/organization/dispatch-labs,,"Blockchain, Financial Services, Information Technology","San Francisco, California, United States","Dispatch is building a revolutionary business-ready distributed ledger protocol for creating fast, scalable and secure data-centric dApps.","410,986",2019-07-29,day,2019-07-29,day,,https://dispatchlabs.io/,https://twitter.com/DispatchLabsIO,https://www.linkedin.com/company/dispatch-labs/,Fenbushi Digital
Coingeek,https://www.crunchbase.com/organization/coingeek,,"Cryptocurrency, News, Publishing, Video","Montréal, Quebec, Canada",Coingeek is a cryptocurrency news site.,"411,997",2018-12-03,day,2018-12-03,day,,https://coingeek.com/,,https://www.linkedin.com/company/coingeek,Ayre Group
Coinsetter,https://www.crunchbase.com/organization/coinsetter,,"Bitcoin, Finance, FinTech, Trading Platform","New York, New York, United States",Coinsetter operates a Bitcoin trading platform with tools for forex traders.,"412,047",2016-01-16,day,2016-01-16,day,,http://www.coinsetter.com,http://twitter.com/coinsetter,https://www.linkedin.com/company/coinsetter,"Digital Currency Group, Blockchain Capital, Tribeca Venture Partners, Ben Davenport, Cryptonaut Ventures"
ChangeCoin,https://www.crunchbase.com/organization/changecoin,,"Bitcoin, Cryptocurrency, Payments, Web Hosting","San Francisco, California, United States","ChangeCoin specializes in the fields of micropayments, bitcoin, social commerce, digital currencies, and payments.","421,775",2016-04-13,day,2016-04-13,day,,https://www.changetip.com/,http://twitter.com/changetip,https://www.linkedin.com/company/changetip,"Plug and Play, 500 Global, Pantera Capital, Blockchain Capital, Digital Currency Group"
Elph Network,https://www.crunchbase.com/organization/elph,,"Blockchain, Cryptocurrency, FinTech, Software","San Francisco, California, United States",Elph is a decentralized network of scalable Plasma sidechains that achieve high transaction throughput on top of Ethereum.,"422,167",2019-03-20,day,2019-03-20,day,,https://www.elph.com,https://www.twitter.com/ElphNetwork,https://www.linkedin.com/company/elphnetwork/,"Y Combinator, Coinbase Ventures, The House Fund, Oyster Ventures"
Bitnet Technologies,https://www.crunchbase.com/organization/bitnet-technologies,,"Bitcoin, Cryptocurrency, E-Commerce, Payments","San Francisco, California, United States",Bitnet Technologies is a digital commerce platform that helps enterprise scale merchants to accept bitcoin payments.,"550,730",2016-10-24,day,2016-10-24,day,,https://bitnet.io/,http://twitter.com/bitnettech,http://www.linkedin.com/company/bitnet-technologies-ltd-?,"Blockchain Capital, Digital Currency Group, Rakuten, Highland Capital Partners, Artis Ventures"
Techtec,https://www.crunchbase.com/organization/techtec,,"Consulting, Cryptocurrency, E-Learning","Tokyo, Tokyo, Japan","Techtec provides assistance with cryptocurrency businesses, such as marketing assistance, document translation, and listing assistance.","815,230",2022-06-15,day,2022-06-15,day,,https://en.techtec.co.jp/,https://x.com/PoL_techtec,https://www.linkedin.com/company/techtec/,Celo
Firmo,https://www.crunchbase.com/organization/firmo,,"Blockchain, Financial Services, Smart Contracts","Copenhagen, Hovedstaden, Denmark",Firmo is a Danish smart contract infrastructure provider.,"951,674",2019-03-25,day,2019-03-25,day,,https://www.firmo.network/,https://twitter.com/firmonetwork,https://www.linkedin.com/company/firmonetwork/,Rhodium
Keza,https://www.crunchbase.com/organization/wealthcoin,,"Bitcoin, Cryptocurrency","New York, New York, United States",Keza is an exchange and trading platform.,"975,477",2016-08-26,day,2016-08-26,day,,http://www.getkeza.com,https://twitter.com/getkeza,https://www.linkedin.com/company/wealthcoin,"LAUNCH, Digital Currency Group, Boost VC"
Taal Distributed,https://www.crunchbase.com/organization/taal-distributed,,"Blockchain, Information Technology, Transaction Processing","Vancouver, British Columbia, Canada",TAAL is a distributed blockchain mining service company.,"1,522,227",2015-06-16,day,,,2015-06-16,https://www.taal.com/,https://twitter.com/TaalBlockchain,https://www.linkedin.com/company/taaldistributedinformationtechnologies/,Ayre Group
cocoNFT,https://www.crunchbase.com/organization/coconft,,"Cryptocurrency, Social, Social Media","Vancouver, British Columbia, Canada",cocoNFT to convert your social media post into NFTs for your fans without any up-front costs.,"1,716,132",2023-01-03,day,2023-01-03,day,,https://coconft.com/,https://twitter.com/coconft,https://www.linkedin.com/company/coconft,N49P
Lunie,https://www.crunchbase.com/organization/lunie,,"Apps, Blockchain, Cryptocurrency, Internet","Toronto, Ontario, Canada",Lunie is the best-in-class platform for non-custodial staking.,"2,056,389",2021-02-01,day,2021-02-01,day,,https://lunie.io/,https://twitter.com/luniehq,https://www.linkedin.com/company/lunie/,Creative Destruction Lab (CDL)