company_name,original_website,final_url,redirected,domain_changed,merger_indicators,status,confidence,notes,acquirer_name,announcement_link
Bitget Wallet,https://web3.bitget.com/en,,False,False,Lien acquisition trouvé via Google,CLOSED,0.8,Site inaccessible,,https://www.globenewswire.com/news-release/2025/01/02/3003582/0/en/Bitget-Wallet-Unveils-1M-Airdrop-for-BGB-Holders.html
HTX,https://www.huobi.com,https://www.htx.com/,True,True,Redirection significative: www.huobi.com → www.htx.com | Lien acquisition trouvé via Google,CLOSED,0.7,Redirection vers domaine différent,,https://www.htx.com/support/360000140841
Digital Asset,http://www.digitalasset.com,https://www.digitalasset.com/,True,False,Lien d'annonce trouvé sur la page,ACQUIRED_AND_RUNNING,0.6,Site accessible sans indication explicite d'acquisition,,https://www.digitalasset.com/newsroom
RTFKT,https://rtfkt.com/,https://rtfkt.com/,False,False,,ACQUIRED_AND_RUNNING,0.6,Site accessible sans indication explicite d'acquisition,,
Blockfolio,http://www.blockfolio.com/,https://claims.ftx.com/,True,True,Redirection significative: www.blockfolio.com → claims.ftx.com | Lien acquisition trouvé via Google,CLOSED,0.7,Redirection vers domaine différent,,https://www.orbs.com/orbs-is-now-available-on-blockfolio/
Airfox,https://airfox.com/,,False,False,Lien acquisition trouvé via Google,CLOSED,0.9,Site inaccessible,,https://www.businesswire.com/news/home/20200522005034/en/Boston-Based-Fintech-Startup-Airfox-Acquired-by-Brazilian-Retail-Giant-Via-Varejo
Slingshot Finance,https://slingshot.app/,https://slingshot.app/,False,False,,ACQUIRED_AND_RUNNING,0.6,Site accessible sans indication explicite d'acquisition,,
Valour(Acquired by DeFi Technologies),https://valour.com,https://valour.com/en,True,False,Lien d'annonce trouvé sur la page,ACQUIRED_AND_RUNNING,0.6,Site accessible sans indication explicite d'acquisition,,https://valour.com/en/newsroom/valour-launches-curve-dao-crv-and-litecoin-ltc-etps-on-spotlight-stock-market-expands-nordic-presence-and-reveals-new-products-in-roadmap-to-100-etps
Heap,https://heap.io,https://www.heap.io/,True,False,Lien d'annonce trouvé sur la page,ACQUIRED_AND_RUNNING,0.6,Site accessible sans indication explicite d'acquisition,,https://www.heap.io/press
Coins.ph,https://coins.ph,https://coins.ph/,False,False,Lien d'annonce trouvé sur la page,ACQUIRED_AND_RUNNING,0.6,Site accessible sans indication explicite d'acquisition,,https://coins.ph/blog
TerraZero Technologies,https://terrazero.com/,https://terrazero.com/,False,False,,ACQUIRED_AND_RUNNING,0.6,Site accessible sans indication explicite d'acquisition,,
Harbor,https://harbor.com,https://bitgo.com,True,True,Redirection significative: harbor.com → bitgo.com | Lien d'annonce trouvé sur la page | Lien acquisition trouvé via Google,CLOSED,0.8999999999999999,Redirection vers domaine différent,,https://www.coindesk.com/markets/2020/02/18/bitgo-acquires-harbor-in-surprise-expansion-beyond-crypto-custody
Tagomi,https://tagomi.com/,https://www.coinbase.com/prime/analytics,True,True,Redirection significative: tagomi.com → www.coinbase.com/prime/analytics | Lien acquisition trouvé via Google,CLOSED,0.7,Redirection vers domaine différent,,https://www.coinbase.com/fr/blog/coinbase-to-acquire-leading-institutional-crypto-brokerage-tagomi
Surf,http://joinsurf.com/,https://www.joinsurf.com/,True,False,Lien d'annonce trouvé sur la page,ACQUIRED_AND_RUNNING,0.6,Site accessible sans indication explicite d'acquisition,,https://cdn.prod.website-files.com/61259c3a942ce1ac7592e0e4/6494b269aae579386101b888_WhiteLabel_Deck_Downloaded-min_compressed.pdf
Headquarters,https://www.hq.xyz,https://www.hq.xyz/,False,False,Lien d'annonce trouvé sur la page,ACQUIRED_AND_RUNNING,0.6,Site accessible sans indication explicite d'acquisition,,https://www.hq.xyz/blog
Wind.app,https://wind.app/,https://www.river.app/payment/home,True,True,Redirection significative: wind.app → www.river.app/payment/home | Lien acquisition trouvé via Google,CLOSED,0.7,Redirection vers domaine différent,,https://www.prnewswire.com/news-releases/river-acquires-wind-to-build-the-super-app-for-global-citizens-302433681.html
HAL,https://www.hal.xyz,,False,False,Lien acquisition trouvé via Google,CLOSED,0.8,Site inaccessible,,https://consensys.io/blog/consensys-acquires-hal-to-augment-infuras-blockchain-notification-and-automation-capabilities
The Block,https://www.theblock.co,https://www.theblock.co/,False,False,,ACQUIRED_AND_RUNNING,0.6,Site accessible sans indication explicite d'acquisition,,
Candy Digital,https://www.candy.io,https://www.candy.io/,False,False,,ACQUIRED_AND_RUNNING,0.6,Site accessible sans indication explicite d'acquisition,,
Globacap,http://www.globacap.com,https://globacap.com/,True,False,Lien d'annonce trouvé sur la page,ACQUIRED_AND_RUNNING,0.6,Site accessible sans indication explicite d'acquisition,,https://globacap.com/news/
Mirror,https://mirror.xyz,https://mirror.xyz/,False,False,,ACQUIRED_AND_RUNNING,0.6,Site accessible sans indication explicite d'acquisition,,
Korbit,http://korbit.co.kr,https://www.korbit.co.kr,True,False,Lien d'annonce trouvé sur la page,ACQUIRED_AND_RUNNING,0.6,Site accessible sans indication explicite d'acquisition,,https://blog.naver.com/korbitbiz
LedgerX,https://ledgerx.com,https://www.miaxdx.com/,True,True,Redirection significative: ledgerx.com → www.miaxdx.com | Lien acquisition trouvé via Google,CLOSED,0.8999999999999999,Redirection vers domaine différent,,https://www.prnewswire.com/news-releases/miax-completes-acquisition-of-ledgerx-from-ftx-debtors-301829665.html
Fyn,https://fynhq.com,https://www.fynhq.com/,True,False,Lien d'annonce trouvé sur la page,ACQUIRED_AND_RUNNING,0.6,Site accessible sans indication explicite d'acquisition,,https://assets.squarespace.com/universal/styles-compressed/commerce-8f5ae491a383883f-min.en-US.css
Drip Labs,https://drip.haus,https://drip.haus/,False,False,,ACQUIRED_AND_RUNNING,0.6,Site accessible sans indication explicite d'acquisition,,
double jump.tokyo,https://www.doublejump.tokyo/,https://www.doublejump.tokyo/,False,False,,ACQUIRED_AND_RUNNING,0.6,Site accessible sans indication explicite d'acquisition,,
Alterya,https://www.alterya.dev/,,False,False,Lien acquisition trouvé via Google,CLOSED,0.8,Site inaccessible,,https://www.fintechfutures.com/2025/01/chainalysis-acquires-ai-fraud-detection-solution-alterya/
CryptoSlam,https://www.cryptoslam.io,https://www.cryptoslam.io/,False,False,,ACQUIRED_AND_RUNNING,0.6,Site accessible sans indication explicite d'acquisition,,
Securrency,https://securrency.com,https://www.dtcc.com/dtcc-digital-assets,True,True,Redirection significative: securrency.com → www.dtcc.com/dtcc-digital-assets | Lien acquisition trouvé via Google,CLOSED,0.7,Redirection vers domaine différent,,https://copper.co/insights/company-news/copper-acquires-digital-asset-brokerage-firm-securrency-capital-limited
Wyre,https://www.sendwyre.com,https://www.sendwyre.com/,False,False,,ACQUIRED_AND_RUNNING,0.6,Site accessible sans indication explicite d'acquisition,,
CipherTrace,https://ciphertrace.com/,https://www.mastercard.com/global/en/business/issuers/crypto.html,True,True,Redirection significative: ciphertrace.com → www.mastercard.com/global/en/business/issuers/crypto.html | Lien acquisition trouvé via Google,CLOSED,0.7,Redirection vers domaine différent,,https://www.mastercard.com/news/press/2021/september/mastercard-acquires-ciphertrace-to-enhance-crypto-capabilities/
Spindl,https://www.spindl.xyz,https://www.spindl.xyz/,False,False,Lien d'annonce trouvé sur la page,ACQUIRED_AND_RUNNING,0.6,Site accessible sans indication explicite d'acquisition,,https://blog.spindl.xyz/
TradeBlock,https://tradeblock.com/,,False,False,,CLOSED,0.8,Site inaccessible,,https://www.businesswire.com/news/home/20210105005308/en/CoinDesk-Acquires-TradeBlock-the-Worlds-Leading-Crypto-Index-Provider
Simplex,http://www.simplex.com,https://www.simplex.com/,True,False,Lien d'annonce trouvé sur la page,ACQUIRED_AND_RUNNING,0.6,Site accessible sans indication explicite d'acquisition,,https://www.simplex.com/blog-news
Coinfirm,http://www.coinfirm.com,https://lukka.tech,True,True,Redirection significative: www.coinfirm.com → lukka.tech | Lien d'annonce trouvé sur la page | Lien acquisition trouvé via Google,CLOSED,0.7,Redirection vers domaine différent,,https://www.prnewswire.com/news-releases/lukka-acquiert-coinfirm-et-apporte-des-donnees-verifiees-a-lanalyse-de-la-blockchain-a-la-conformite-et-aux-enquetes-302153000.html
Beam,https://www.beamwallet.com,https://www.beamwallet.com/,False,False,,ACQUIRED_AND_RUNNING,0.6,Site accessible sans indication explicite d'acquisition,,
Chain,https://www.chain.com/,https://www.chain.com/,False,False,Lien d'annonce trouvé sur la page,ACQUIRED_AND_RUNNING,0.6,Site accessible sans indication explicite d'acquisition,,https://www.chain.com/company/press
Hexagate,http://hexagate.com/,https://www.hexagate.com/,True,False,Acquisition détectée: 'now part of' | Acquéreur: chainalysis | Lien d'annonce trouvé sur la page,ACQUIRED_AND_RUNNING,0.8,Site accessible avec mots-clés d'acquisition,chainalysis,https://www.chainalysis.com/blog/chainalysis-hexagate-announcement/
Metaco,https://metaco.com,,False,False,Lien acquisition trouvé via Google,CLOSED,0.8,Site inaccessible,,https://techcrunch.com/2023/05/17/ripple-acquires-crypto-custody-startup-metaco-for-250-million/
Nebula Genomics,https://www.nebula.org,https://nebula.org/,True,False,Lien d'annonce trouvé sur la page,ACQUIRED_AND_RUNNING,0.6,Site accessible sans indication explicite d'acquisition,,https://blog.nebula.org/
Loopring,https://loopring.org/,https://loopring.org/,False,False,,ACQUIRED_AND_RUNNING,0.6,Site accessible sans indication explicite d'acquisition,,
Factom,https://factom.com/,https://factom.com/,False,False,,ACQUIRED_AND_RUNNING,0.6,Site accessible sans indication explicite d'acquisition,,
Alter,http://alter.xyz/,,False,False,Lien acquisition trouvé via Google,CLOSED,0.8,Site inaccessible,,https://80.lv/articles/google-has-quietly-acquired-ai-avatar-startup-alter
Tixologi,http://tixologi.com,https://tixologi.com/,True,False,Lien d'annonce trouvé sur la page,ACQUIRED_AND_RUNNING,0.6,Site accessible sans indication explicite d'acquisition,,https://tixologi.com/press/
Horangi,https://horangi.com,https://www.bitdefender.com/en-us/business/,True,True,Redirection significative: horangi.com → www.bitdefender.com/en-us/business | Lien d'annonce trouvé sur la page | Lien acquisition trouvé via Google,CLOSED,0.7,Redirection vers domaine différent,,https://www.bitdefender.com/en-us/news/bitdefender-completes-acquisition-of-horangi-cyber-security
Gilded,https://gilded.finance,https://gilded.finance/,False,False,Lien d'annonce trouvé sur la page,ACQUIRED_AND_RUNNING,0.6,Site accessible sans indication explicite d'acquisition,,https://blog.gilded.finance/
Pixelmon,https://www.pixelmon.ai/,https://www.pixelmon.ai/,False,False,Lien d'annonce trouvé sur la page,ACQUIRED_AND_RUNNING,0.6,Site accessible sans indication explicite d'acquisition,,https://www.pixelmon.ai/blog
CoWSwap,https://swap.cow.fi/#/swap?chain=mainnet,https://swap.cow.fi/#/swap?chain=mainnet,False,False,,ACQUIRED_AND_RUNNING,0.6,Site accessible sans indication explicite d'acquisition,,
ErisX,https://erisx.com/,https://www.erisx.com/,True,False,Lien d'annonce trouvé sur la page,ACQUIRED_AND_RUNNING,0.6,Site accessible sans indication explicite d'acquisition,,https://www.erisx.com/news/
Coinify,https://www.coinify.com,https://www.coinify.com/,False,False,Lien d'annonce trouvé sur la page,ACQUIRED_AND_RUNNING,0.6,Site accessible sans indication explicite d'acquisition,,https://www.coinify.com/news/accept-crypto-payments-anywhere-with-coinifys-pay-by-link-solution
GRIID,https://www.griid.com/,https://www.griid.com/,False,False,,ACQUIRED_AND_RUNNING,0.6,Site accessible sans indication explicite d'acquisition,,
Arbelos Markets,https://arbelos.xyz/,https://arbelos.xyz/,False,False,Acquisition détectée: 'now part of' | Acquéreur: falconx. together | Lien d'annonce trouvé sur la page,ACQUIRED_AND_RUNNING,0.8,Site accessible avec mots-clés d'acquisition,falconx. together,https://www.prnewswire.com/news-releases/falconx-expands-global-derivatives-footprint-with-acquisition-of-arbelos-markets-302341536.html
Bison Trails,https://bisontrails.co/,https://www.coinbase.com/cloud,True,True,Redirection significative: bisontrails.co → www.coinbase.com/cloud | Lien acquisition trouvé via Google,CLOSED,0.8999999999999999,Redirection vers domaine différent,,https://www.linkedin.com/company/bison-trails-acquired-by-coinbase?trk=similar-pages
Bware Labs,https://bwarelabs.com/,https://bwarelabs.com/,False,False,Lien d'annonce trouvé sur la page,ACQUIRED_AND_RUNNING,0.6,Site accessible sans indication explicite d'acquisition,,https://bwarelabs.com/blog
Sepior,https://sepior.com/,https://www.blockdaemon.com/,True,True,Redirection significative: sepior.com → www.blockdaemon.com | Lien d'annonce trouvé sur la page | Lien acquisition trouvé via Google,CLOSED,0.7,Redirection vers domaine différent,,https://www.blockdaemon.com/blog/blockdaemon-acquires-leading-data-digital-asset-security-firm-sepior
Shipyard Software,https://shipyardsoftware.org/,https://www.shipyardsoftware.org/,True,False,Acquisition détectée: 'acquired by' | Acquéreur: sushi labs | Lien d'annonce trouvé sur la page,ACQUIRED_AND_RUNNING,0.8,Site accessible avec mots-clés d'acquisition,sushi labs,https://www.shipyardsoftware.org/press
Multis,https://multis.com,https://multis.com/,False,False,Lien acquisition trouvé via Google,CLOSED,0.8,Erreur 404,,https://www.theblock.co/post/288303/sequoia-backed-crypto-treasury-management-platform-multis-acquired-by-safe
ZenSports,http://zensports.com/,,False,False,Lien acquisition trouvé via Google,CLOSED,0.8,Site inaccessible,,https://www.globenewswire.com/news-release/2022/10/10/2531132/0/en/KeyStar-Corp-Completes-Acquisition-of-ZenSports-and-Ultimate-Gamer-Assets.html
IndiGG,https://indigg-dev.netlify.app/,https://indigg-dev.netlify.app/,False,False,,ACQUIRED_AND_RUNNING,0.6,Site accessible sans indication explicite d'acquisition,,
Triangle,https://www.triangleplatform.com/,https://www.triangleplatform.com/,False,False,Lien d'annonce trouvé sur la page,ACQUIRED_AND_RUNNING,0.6,Site accessible sans indication explicite d'acquisition,,https://www.triangleplatform.com/blog/bridge-acquires-triangle
Blowfish,https://blowfish.xyz,https://blowfish.xyz/,False,False,Acquisition détectée: 'acquired by' | Acquéreur: phantom | Lien d'annonce trouvé sur la page,ACQUIRED_AND_RUNNING,0.8,Site accessible avec mots-clés d'acquisition,phantom,https://blog.blowfish.xyz/blowfish-phantom-our-next-chapter-in-crypto-security/
Luno,https://www.luno.com,https://www.luno.com/,False,False,,ACQUIRED_AND_RUNNING,0.6,Site accessible sans indication explicite d'acquisition,,
DeCurret,https://www.decurret.com/,,False,False,,CLOSED,0.8,Site inaccessible,,https://www.prnewswire.com/news-releases/amber-group-acquires-decurret-inc-a-crypto-asset-exchange-service-provider-registered-with-japan-financial-services-agency-301471209.html
Curv,https://www.curv.co,https://www.paypal.com/us/digital-wallet/manage-money/crypto,True,True,Redirection significative: www.curv.co → www.paypal.com/us/digital-wallet/manage-money/crypto | Lien d'annonce trouvé sur la page | Lien acquisition trouvé via Google,CLOSED,0.8999999999999999,Redirection vers domaine différent,,https://www.ledgerinsights.com/paypal-confirms-acquisition-of-digital-asset-custody-firm-curv/
Authenteq - an FNZ company,https://onboarding.fnz.com/solutions/id-verification,https://www.fnz.com/platform/investor-onboarding,True,True,Redirection significative: onboarding.fnz.com/solutions/id-verification → www.fnz.com/platform/investor-onboarding | Lien d'annonce trouvé sur la page,CLOSED,0.7,Redirection vers domaine différent,,https://www.fnz.com/news/personalization-in-a-digital-world
Sparrow,https://www.sparrowexchange.com,https://www.sparrowexchange.com/dashboard,True,False,,ACQUIRED_AND_RUNNING,0.6,Site accessible sans indication explicite d'acquisition,,
Fortress Blockchain Technologies,https://fortress.io/,https://fortress.io/,False,False,,ACQUIRED_AND_RUNNING,0.6,Site accessible sans indication explicite d'acquisition,,
Skolem Technologies,https://skolem.com/,https://www.talos.com/spotlight/skolem,True,True,Redirection significative: skolem.com → www.talos.com/spotlight/skolem | Acquisition détectée: 'now part of' | Acquéreur: talos | Lien d'annonce trouvé sur la page | Lien acquisition trouvé via Google,CLOSED,0.7,Redirection vers domaine différent,talos,https://www.talos.com/spotlight/skolem
Byte Trading,https://byte-trading.com/,,False,False,Lien acquisition trouvé via Google,CLOSED,0.8,Site inaccessible,,https://www.hextrust.com/resources-collection/hex-trust-acquires-byte-trading
SolanaFM,https://solana.fm/?cluster=mainnet-qn1,https://solana.fm/?cluster=mainnet-qn1,False,False,,ACQUIRED_AND_RUNNING,0.6,Site accessible sans indication explicite d'acquisition,,
WazirX,https://wazirx.com,https://wazirx.com/,False,False,,ACQUIRED_AND_RUNNING,0.6,Site accessible sans indication explicite d'acquisition,,
Blox,https://www.bloxstaking.com,,False,False,,CLOSED,0.8,Site inaccessible,,https://www.businesswire.com/news/home/20211020005120/en/Lukka-Acquires-Blox-Finance-Crypto-Accounting-and-Infrastructure-Business
GAMEE,https://token.gamee.com,https://www.arc8.com/,True,True,Redirection significative: token.gamee.com → www.arc8.com | Acquisition détectée: 'subsidiary of' | Acquéreur: animoca brands. it features a v | Lien acquisition trouvé via Google,CLOSED,0.7,Redirection vers domaine différent,animoca brands. it features a v,https://www.animocabrands.com/launch-gamee-token
Satsuma,https://www.satsuma.xyz/,https://www.satsuma.xyz/,False,False,Lien acquisition trouvé via Google,CLOSED,0.8,Erreur 404,,https://blockworks.co/news/alchemy-satsuma-acquisition
Change,https://changeinvest.com,https://www.changeinvest.com/,True,False,Lien d'annonce trouvé sur la page,ACQUIRED_AND_RUNNING,0.6,Site accessible sans indication explicite d'acquisition,,https://www.changeinvest.com/blog
BRD,https://brd.com/,,False,False,Lien acquisition trouvé via Google,CLOSED,0.8,Site inaccessible,,https://www.coindesk.com/business/2021/11/24/coinbase-acquires-crypto-wallet-firm-brd-for-undisclosed-amount
Ape Board,https://apeboard.finance/,https://apeboard.finance/,False,False,,ACQUIRED_AND_RUNNING,0.6,Site accessible sans indication explicite d'acquisition,,
Utrust,https://utrust.com,https://www.xmoney.com/,True,True,Redirection significative: utrust.com → www.xmoney.com,CLOSED,0.7,Redirection vers domaine différent,,https://www.coindesk.com/business/2022/01/11/elrond-foundation-acquires-crypto-payments-firm-utrust
Zabo,https://zabo.com,,False,False,Lien acquisition trouvé via Google,CLOSED,0.9,Site inaccessible,,https://cryptonary.com/cryptocurrency-startup-zabo-acquired-by-coinbase/
OpenFinance,https://www.openfinance.io/,,False,False,,CLOSED,0.8,Site inaccessible,,https://www.businesswire.com/news/home/20201027005773/en/INX-to-Acquire-Openfinance-Securities-LLC
SimpleHash,https://simplehash.com/,https://simplehash.com/,False,False,Acquisition détectée: 'acquired by' | Acquéreur: phantom | Lien d'annonce trouvé sur la page,ACQUIRED_AND_RUNNING,0.8,Site accessible avec mots-clés d'acquisition,phantom,https://simplehash.com/blog/simplehash-acquisition-by-phantom
Skew,https://www.skew.com,,False,False,Lien acquisition trouvé via Google,CLOSED,0.8,Site inaccessible,,https://www.coinbase.com/fr/blog/coinbase-to-acquire-leading-institutional-data-analytics-platform-skew
Edureka,http://www.edureka.co,https://www.edureka.co:443/,True,True,Redirection significative: www.edureka.co → www.edureka.co:443 | Lien d'annonce trouvé sur la page | Lien acquisition trouvé via Google,CLOSED,0.7,Redirection vers domaine différent,,https://pitchbook.com/profiles/company/84566-80
Amino Payments,https://www.aminopay.com/,,False,False,Lien acquisition trouvé via Google,CLOSED,0.8,Site inaccessible,,https://integralads.com/news/ias-acquires-amino-payments/
Cybavo,https://www.cybavo.com,https://www.circle.com/,True,True,Redirection significative: www.cybavo.com → www.circle.com | Lien d'annonce trouvé sur la page | Lien acquisition trouvé via Google,CLOSED,0.7,Redirection vers domaine différent,,https://www.circle.com/blog/circle-signs-agreement-to-acquire-crypto-infrastructure-platform-cybavo
Evernym,http://evernym.com/,https://www.evernym.com/,True,False,Lien d'annonce trouvé sur la page,ACQUIRED_AND_RUNNING,0.6,Site accessible sans indication explicite d'acquisition,,https://www.evernym.com/category/blog/
Staging Labs,https://www.staginglabs.io/,https://www.staginglabs.io/,False,False,Acquisition détectée: 'acquired by' | Acquéreur: merkle science | Lien d'annonce trouvé sur la page,ACQUIRED_AND_RUNNING,0.8,Site accessible avec mots-clés d'acquisition,merkle science,https://blog.merklescience.com/newsevents/announcement-merkle-science-acquires-staging-labs-to-boost-evm-attribution?_gl=1*1vzkuko*_ga*NTgzNTMyNzU5LjE3MTcxNDUyNzU.*_ga_FEKM9EDSNH*MTcxNzU5MjAwNi4yNzAuMS4xNzE3NTkyMTMxLjYwLjAuMA..*_gcl_au*NjU3MjYyODU5LjE3MTAyNDU3MDUuNTkwMTA2MTQ3LjE3MTY5OTU3NDAuMTcxNjk5NTc0MA..&amp;_ga=2.177866406.244718479.1717408820-583532759.1717145275
Gem,http://gem.co,,False,False,Lien acquisition trouvé via Google,CLOSED,0.8,Site inaccessible,,https://www.linkedin.com/company/gem-hq
Staked us,https://staked.us/,https://staked.us/,False,False,Lien d'annonce trouvé sur la page,ACQUIRED_AND_RUNNING,0.6,Site accessible sans indication explicite d'acquisition,,https://blog.staked.us/blog
Jet Protocol Holdings,https://jetprotocol.io,https://jetprotocol.io/,False,False,,ACQUIRED_AND_RUNNING,0.6,Site accessible sans indication explicite d'acquisition,,
Arise Travel,https://arise.travel/,,False,False,Lien acquisition trouvé via Google,CLOSED,0.8,Site inaccessible,,https://www.phocuswire.com/derbysoft-acquires-arise
Solscan,https://solscan.io/,https://solscan.io/,False,False,,ACQUIRED_AND_RUNNING,0.6,Site accessible sans indication explicite d'acquisition,,
Vinter,https://vinter.co,https://vinter.co/,False,False,Lien d'annonce trouvé sur la page,ACQUIRED_AND_RUNNING,0.6,Site accessible sans indication explicite d'acquisition,,https://assets.squarespace.com/universal/styles-compressed/commerce-8f5ae491a383883f-min.en-US.css
Cambridge Blockchain,http://www.cambridge-blockchain.com/,,False,False,,CLOSED,0.8,Site inaccessible,,http://www.cambridge-blockchain.com/
TAP Network,https://mytaprewards.com,https://www.mytaprewards.com/,True,False,,ACQUIRED_AND_RUNNING,0.6,Site accessible sans indication explicite d'acquisition,,
Mint Songs,http://mintsongs.com/,,False,False,Lien acquisition trouvé via Google,CLOSED,0.8,Site inaccessible,,https://www.musicbusinessworldwide.com/napster-acquires-web3-music-startup-mint-songs-after-eight-figure-financing/
Kleoverse,https://www.proles.ai/kleoverse,https://www.proles.ai/kleoverse,False,False,,ACQUIRED_AND_RUNNING,0.6,Site accessible sans indication explicite d'acquisition,,
First Group,https://www.firstdag.com,,False,False,,CLOSED,0.8,Site inaccessible,,https://news.fintech.io/post/102hix7/fireblocks-acquires-crypto-payments-processor-first-dag-in-cash-and-stock-deal
BastionZero,https://www.bastionzero.com,https://www.bastionzero.com/,False,False,Lien d'annonce trouvé sur la page,ACQUIRED_AND_RUNNING,0.6,Site accessible sans indication explicite d'acquisition,,https://www.cloudflare.com/press-releases/2024/cloudflare-acquires-bastionzero-to-add-zero-trust-infrastructure-access/
Quadrant,https://quadrant.io/,https://www.quadrant.io/,True,False,Lien d'annonce trouvé sur la page,ACQUIRED_AND_RUNNING,0.6,Site accessible sans indication explicite d'acquisition,,https://www.quadrant.io/blog
Learning Machine Technologies,http://www.learningmachine.com,https://www.hyland.com/en/solutions/products/hyland-credentials,True,True,Redirection significative: www.learningmachine.com → www.hyland.com/en/solutions/products/hyland-credentials | Lien d'annonce trouvé sur la page,CLOSED,0.7,Redirection vers domaine différent,,https://www.hyland.com/en/company/newsroom/hyland-acquires-blockchain-credentialing-provider-learning-machine
RateS,https://ratesapp.co.id,https://ratesapp.co.id/,False,False,,ACQUIRED_AND_RUNNING,0.6,Site accessible sans indication explicite d'acquisition,,
Propine,https://propine.com,https://propine.com/,False,False,Lien d'annonce trouvé sur la page,ACQUIRED_AND_RUNNING,0.6,Site accessible sans indication explicite d'acquisition,,https://propine.com/resources/blog/
Bits,https://www.bitscrypto.com/,https://www.advancedmaytag.com/,True,True,Redirection significative: www.bitscrypto.com → www.advancedmaytag.com | Lien d'annonce trouvé sur la page,CLOSED,0.7,Redirection vers domaine différent,,https://kalkinemedia.com/news/world-news/tronic-acquires-bits-crypto-expanding-digital-wallet-capabilities-for-loyalty-and-brand-engagement
BitOasis,http://bitoasis.net,https://bitoasis.net/,True,False,,ACQUIRED_AND_RUNNING,0.6,Site accessible sans indication explicite d'acquisition,,
Golden,https://golden.com,https://golden.com/home,True,False,Lien d'annonce trouvé sur la page,ACQUIRED_AND_RUNNING,0.6,Site accessible sans indication explicite d'acquisition,,https://golden.com/blog
Tech Bureau,http://techbureau.jp,https://techbureau.jp/,True,False,,ACQUIRED_AND_RUNNING,0.6,Site accessible sans indication explicite d'acquisition,,
Qori,http://www.qori.me/,https://qori.me/,True,False,,ACQUIRED_AND_RUNNING,0.6,Site accessible sans indication explicite d'acquisition,,
Mediachain,http://www.mediachain.io/,,False,False,Lien acquisition trouvé via Google,CLOSED,0.8,Site inaccessible,,https://techcrunch.com/2017/04/26/spotify-acquires-blockchain-startup-mediachain-to-solve-musics-attribution-problem/
Loco,https://www.loco.gg/,https://loco.com/,True,True,Redirection significative: www.loco.gg → loco.com | Lien acquisition trouvé via Google,CLOSED,0.7,Redirection vers domaine différent,,https://techcrunch.com/2024/09/26/indian-game-streaming-startup-loco-sells-majority-stake-to-redwood/
consola.finance,https://consola.finance,https://www.request.finance/crypto-accounting,True,True,Redirection significative: consola.finance → www.request.finance/crypto-accounting | Lien acquisition trouvé via Google,CLOSED,0.7,Redirection vers domaine différent,,https://www.speedinvest.com/portfolio/consola-finance
Stablehouse,https://www.stablehouse.com,https://www.stablehouse.com/,False,False,,ACQUIRED_AND_RUNNING,0.6,Site accessible sans indication explicite d'acquisition,,
Transpose,https://transpose.io,https://www.transpose.io/,True,False,Lien d'annonce trouvé sur la page,ACQUIRED_AND_RUNNING,0.6,Site accessible sans indication explicite d'acquisition,,https://www.transpose.io/blogs/oamo-case-study
Pulsar Finance,https://pulsar.finance,https://app.pulsar.finance/,True,True,Redirection significative: pulsar.finance → app.pulsar.finance | Lien d'annonce trouvé sur la page | Lien acquisition trouvé via Google,CLOSED,0.7,Redirection vers domaine différent,,https://www.prnewswire.com/news-releases/terraform-labs-acquires-pulsar-finance-a-leading-cross-chain-portfolio-manager-and-data-provider-301986118.html
Kaiju Labs,https://www.kaiju3d.com/,https://www.kaiju3d.com/,False,False,,ACQUIRED_AND_RUNNING,0.6,Site accessible sans indication explicite d'acquisition,,
SafeWire,https://safewire.com,https://safewire.com/,False,False,,ACQUIRED_AND_RUNNING,0.6,Site accessible sans indication explicite d'acquisition,,
Intoolab,http://www.intoolab.com,,False,False,Lien acquisition trouvé via Google,CLOSED,0.8,Site inaccessible,,https://www.businesswire.com/news/home/20220517005121/en/Metanomic-Acquires-Intoolab-Developers-of-the-First-Bayesian-Network-Artificial-Intelligence-Engine
StrongSalt,https://www.strongsalt.com/index.html,,False,False,,CLOSED,0.8,Site inaccessible,,https://www.businesswire.com/news/home/20220215005157/en/SIMBA-Chain-Acquires-StrongSalt-to-Bring-Decentralized-Privacy-and-Secure-Storage-to-the-Future-of-Digital-Assets
StreetCred,https://www.streetcred.co/,,False,False,,CLOSED,0.8,Site inaccessible,,https://techcrunch.com/2021/01/11/snap-acquires-streetcred/
paymennt.com,https://www.paymennt.com,https://www.paymennt.com/,False,False,Lien d'annonce trouvé sur la page,ACQUIRED_AND_RUNNING,0.6,Site accessible sans indication explicite d'acquisition,,https://www.paymennt.com/blogs/
Purse,https://purse.io,https://purse.io/,False,False,,ACQUIRED_AND_RUNNING,0.6,Site accessible sans indication explicite d'acquisition,,
StakeWith.Us,https://stakewith.us/,https://www.stakewith.us/,True,False,Acquisition détectée: 'acquired by' | Acquéreur: nansen. find out what this,ACQUIRED_AND_RUNNING,0.8,Site accessible avec mots-clés d'acquisition,nansen. find out what this,
LastRoots,https://www.lastroots.com/,,False,False,,CLOSED,0.8,Site inaccessible,,https://uk.marketscreener.com/quote/stock/OKWAVE-INC-6498865/news/OKWAVE-Inc-acquired-34-15-stake-in-LastRoots-Co-Ltd-from-SBI-Ventures-Two-Co-Ltd-34403303/
Proxy,https://proxy.co/,https://www.proxy.co/,True,False,Lien d'annonce trouvé sur la page,ACQUIRED_AND_RUNNING,0.6,Site accessible sans indication explicite d'acquisition,,https://ouraring.com/blog/oura-acquires-proxy/
Dogecoin,http://dogecoin.com,https://dogecoin.com/,True,False,,ACQUIRED_AND_RUNNING,0.6,Site accessible sans indication explicite d'acquisition,,
Minke,https://www.minke.app,https://www.minke.app/,False,False,Lien d'annonce trouvé sur la page,ACQUIRED_AND_RUNNING,0.6,Site accessible sans indication explicite d'acquisition,,https://blog.minke.app/
CryptoFacilities,https://www.cryptofacilities.com/,https://www.cryptofacilities.com/,False,False,Acquisition détectée: 'acquired by' | Acquéreur: kraken in early 2019 and has si | Acquisition détectée: 'subsidiary of' | Acquéreur: kraken | Lien d'annonce trouvé sur la page,ACQUIRED_AND_RUNNING,0.8,Site accessible avec mots-clés d'acquisition,kraken,https://www.cryptofacilities.com/cryptocurrency-news
CryptoTax,https://cryptotax.io/,https://www.blockpit.io/,True,True,Redirection significative: cryptotax.io → www.blockpit.io | Lien d'annonce trouvé sur la page | Lien acquisition trouvé via Google,CLOSED,0.7,Redirection vers domaine différent,,https://www.startbase.de/organization/cryptotax/
Chain Debrief,https://chaindebrief.com/,https://pexx.com/chaindebrief/,True,True,Redirection significative: chaindebrief.com → pexx.com/chaindebrief | Lien d'annonce trouvé sur la page | Lien acquisition trouvé via Google,CLOSED,0.8999999999999999,Redirection vers domaine différent,,https://pexx.com/chaindebrief/pexx-announces-strategic-acquisition-of-chain-debrief/
Thred Technologies,https://thred.xyz/,https://www.kigo.io/,True,True,Redirection significative: thred.xyz → www.kigo.io | Lien d'annonce trouvé sur la page,CLOSED,0.7,Redirection vers domaine différent,,https://trustly-128.webflow.io/posts-categories/news
Tropix.io,http://tropix.io,http://tropix.io/,False,False,,ACQUIRED_AND_RUNNING,0.6,Site accessible sans indication explicite d'acquisition,,
Origins Analytics,https://originsnft.io,,False,False,,CLOSED,0.8,Site inaccessible,,
Curisium,http://www.curisium.com,http://www.curisium.com/,False,False,,ACQUIRED_AND_RUNNING,0.6,Site accessible sans indication explicite d'acquisition,,
Bitski,https://www.bitski.com,https://www.bitski.com/,False,False,,ACQUIRED_AND_RUNNING,0.6,Site accessible sans indication explicite d'acquisition,,
Mooch,https://amoochlife.com,https://amoochlife.com/,False,False,,ACQUIRED_AND_RUNNING,0.6,Site accessible sans indication explicite d'acquisition,,
Forkast.News,http://www.forkast.news,,False,False,Lien acquisition trouvé via Google,CLOSED,0.9,Site inaccessible,,https://forkast.news/cryptoslam-forkast-news-merges-form-web3-data-intelligence-platform/
Basset,https://basset.ai/,https://about.mercoin.com/news/20230526_basset/,True,True,Redirection significative: basset.ai → about.mercoin.com/news/20230526_basset | Lien d'annonce trouvé sur la page,CLOSED,0.7,Redirection vers domaine différent,,https://about.mercoin.com/news/20230526_basset/
Dharma Labs,https://dharma.io/,https://dharma.io/,False,False,,ACQUIRED_AND_RUNNING,0.6,Site accessible sans indication explicite d'acquisition,,
Huoxun,http://huoxun.com/,http://huoxun.com/,False,False,,ACQUIRED_AND_RUNNING,0.6,Site accessible sans indication explicite d'acquisition,,
Omniex,https://omniex.io,https://omniex.io/,False,False,Lien d'annonce trouvé sur la page,ACQUIRED_AND_RUNNING,0.6,Site accessible sans indication explicite d'acquisition,,https://omniex.io/news/
Earn.com,https://earn.com/,https://www.coinbase.com/earn?claim=true,True,True,Redirection significative: earn.com → www.coinbase.com/earn?claim=true | Lien acquisition trouvé via Google,CLOSED,0.7,Redirection vers domaine différent,,https://www.cnbc.com/2018/04/16/bitcoin-exchange-coinbase-buys-earn-com-for-a-reported-100m.html
BSAVE,https://www.bsave.io/,https://www.bsave.io/,False,False,Lien d'annonce trouvé sur la page,ACQUIRED_AND_RUNNING,0.6,Site accessible sans indication explicite d'acquisition,,https://wordpress.org/
BlockSeer,https://www.blockseer.com,https://www.blockseer.com/,False,False,,ACQUIRED_AND_RUNNING,0.6,Site accessible sans indication explicite d'acquisition,,
CoinText,https://cointext.io/,,False,False,,CLOSED,0.8,Site inaccessible,,
Sealance Corp.,https://www.sealance.io/,https://www.sealance.io/,False,False,,ACQUIRED_AND_RUNNING,0.6,Site accessible sans indication explicite d'acquisition,,
Forge Platform,http://forgeplatform.com/,,False,False,,CLOSED,0.8,Site inaccessible,,https://www.thomabravo.com/press-releases/forgerock-to-be-acquired-by-thoma-bravo-for-2.3b
Robinland,https://www.robinland.io,https://www.robinland.io/,False,False,Lien d'annonce trouvé sur la page,ACQUIRED_AND_RUNNING,0.6,Site accessible sans indication explicite d'acquisition,,https://robinlandio.medium.com/robinland-makerdao-announcement-7e0d71029c36
Rollfi,https://www.rollfi.xyz/,https://www.rollfi.xyz/,False,False,Acquisition détectée: 'division of' | Acquéreur: priority | Lien d'annonce trouvé sur la page,ACQUIRED_AND_RUNNING,0.8,Site accessible avec mots-clés d'acquisition,priority,https://global-cylinder-810108.framer.app/blog/rollfi-is-joinging-priority-commerce-nasdaq-prth
Glidera,http://www.glidera.com/,https://www.kraken.com,True,True,Redirection significative: www.glidera.com → www.kraken.com | Lien acquisition trouvé via Google,CLOSED,0.7,Redirection vers domaine différent,,https://blog.kraken.com/news/kraken-acquires-glidera
US Bitcoin Corp,https://www.usbtccorp.com/,,False,False,,CLOSED,0.8,Site inaccessible,,https://hut8.com/investors/hut-8-and-usbtc-merger/
Tuned,https://www.tuned.com/,https://tuned.com/,True,False,Lien d'annonce trouvé sur la page,ACQUIRED_AND_RUNNING,0.6,Site accessible sans indication explicite d'acquisition,,https://tuned.com/blog
ZASH,https://www.zash.sh/,,False,False,,CLOSED,0.8,Site inaccessible,,https://blockworks.co/news/coingecko-acquires-nft-data-zash
LibertyX,https://libertyx.com/,https://libertyx.com/,False,False,,ACQUIRED_AND_RUNNING,0.6,Site accessible sans indication explicite d'acquisition,,
Vella Finance,https://vella.finance/,https://vella.finance/,False,False,,ACQUIRED_AND_RUNNING,0.6,Site accessible sans indication explicite d'acquisition,,
Damex,https://www.damex.io/,https://damex.io/,True,False,Lien d'annonce trouvé sur la page,ACQUIRED_AND_RUNNING,0.6,Site accessible sans indication explicite d'acquisition,,https://damex.io/blog
Bitaccess,https://www.bitaccess.ca,https://bitaccess.ca/,True,False,Lien d'annonce trouvé sur la page,ACQUIRED_AND_RUNNING,0.6,Site accessible sans indication explicite d'acquisition,,https://bitaccess.ca/blog/
Rhodium Enterprises,https://rhdm.com,https://rhdm.com/,False,False,,ACQUIRED_AND_RUNNING,0.6,Site accessible sans indication explicite d'acquisition,,
Sonar,https://sonar.app,https://sonar.app/,False,False,,ACQUIRED_AND_RUNNING,0.6,Site accessible sans indication explicite d'acquisition,,
Due Dilly,https://duedilly.co,https://vehiculoselectricos.co/,True,True,Redirection significative: duedilly.co → vehiculoselectricos.co | Lien acquisition trouvé via Google,CLOSED,0.7,Redirection vers domaine différent,,https://www.globenewswire.com/news-release/2022/09/19/2518451/0/en/Beckett-Announces-Acquisition-of-Due-Dilly.html
FundsDLT,https://www.fundsdlt.net/,https://www.fundsdlt.net/,False,False,,ACQUIRED_AND_RUNNING,0.6,Site accessible sans indication explicite d'acquisition,,
BuyWithMe,https://www.buywithme.app,,False,False,,CLOSED,0.8,Site inaccessible,,https://www.reuters.com/article/business/buywithme-acquired-by-gilt-groupe-in-for-another-round-of-layoffs-report-idUS1904922095/
Bondly,https://www.bondly.finance/,https://forj.network/,True,True,Redirection significative: www.bondly.finance → forj.network | Lien d'annonce trouvé sur la page | Lien acquisition trouvé via Google,CLOSED,0.7,Redirection vers domaine différent,,https://www.animocabrands.com/animoca-brands-to-acquire-majority-stake-in-bondly
Gummys TV,https://gummys.io/,,False,False,,CLOSED,0.8,Site inaccessible,,https://kingnewswire.com/gummys-paving-the-way-for-web3-content-adoption/
flov Technologies,https://www.flovtec.com/,https://www.flovtec.com/,False,False,Acquisition détectée: 'acquired by' | Acquéreur: sts digital. we utilize our pro | Lien d'annonce trouvé sur la page,ACQUIRED_AND_RUNNING,0.8,Site accessible avec mots-clés d'acquisition,sts digital. we utilize our pro,https://www.flovtec.com/blog
Portis,https://www.portis.io,https://www.portis.io/,False,False,,ACQUIRED_AND_RUNNING,0.6,Site accessible sans indication explicite d'acquisition,,
Minebox,https://minebox.io,https://cheddarafc.co.uk/,True,True,Redirection significative: minebox.io → cheddarafc.co.uk,CLOSED,0.7,Redirection vers domaine différent,,https://www.smbnation.com/newsletters/2017-12-07-19-16-42
Dispatch,https://dispatchlabs.io/,https://dispatchlabs.io/,False,False,,ACQUIRED_AND_RUNNING,0.6,Site accessible sans indication explicite d'acquisition,,
Coingeek,https://coingeek.com/,https://coingeek.com/,False,False,Lien d'annonce trouvé sur la page,ACQUIRED_AND_RUNNING,0.6,Site accessible sans indication explicite d'acquisition,,https://coingeek.com/news/
Coinsetter,http://www.coinsetter.com,http://www.coinsetter.com/,False,False,,ACQUIRED_AND_RUNNING,0.6,Site accessible sans indication explicite d'acquisition,,
ChangeCoin,https://www.changetip.com/,https://www.changetip.com/,False,False,,ACQUIRED_AND_RUNNING,0.6,Site accessible sans indication explicite d'acquisition,,
Elph Network,https://www.elph.com,https://www.brex.com/,True,True,Redirection significative: www.elph.com → www.brex.com | Lien d'annonce trouvé sur la page,CLOSED,0.7,Redirection vers domaine différent,,https://medium.com/elph/elph-has-been-acquired-by-brex-f5e6e974572d
Bitnet Technologies,https://bitnet.io/,https://bitnet.io/,False,False,,ACQUIRED_AND_RUNNING,0.6,Site accessible sans indication explicite d'acquisition,,
Techtec,https://en.techtec.co.jp/,https://en.techtec.co.jp/,False,False,Lien d'annonce trouvé sur la page,ACQUIRED_AND_RUNNING,0.6,Site accessible sans indication explicite d'acquisition,,https://en.techtec.co.jp/blog-feed.xml
Firmo,https://www.firmo.network/,,False,False,,CLOSED,0.8,Site inaccessible,,https://www.financemagnates.com/cryptocurrency/news/etoro-acquires-danish-blockchain-firm-firmo-network/
Keza,http://www.getkeza.com,https://www.hugedomains.com/domain_profile.cfm?d=getkeza.com,True,True,Redirection significative: www.getkeza.com → www.hugedomains.com/domain_profile.cfm?d=getkeza.com,CLOSED,0.7,Redirection vers domaine différent,,
cocoNFT,https://coconft.com/,https://www.coconft.com/,True,False,,ACQUIRED_AND_RUNNING,0.6,Site accessible sans indication explicite d'acquisition,,
Lunie,https://lunie.io/,,False,False,,CLOSED,0.8,Site inaccessible,,https://www.crypto-reporter.com/press-releases/blockdaemon-lunie-15186/
Bridge,https://www.bridge.xyz,https://www.bridge.xyz/,False,False,Lien d'annonce trouvé sur la page,ACQUIRED_AND_RUNNING,0.6,Site accessible sans indication explicite d'acquisition,,https://www.bridge.xyz/blog
Helio,https://www.helio.co,https://www.hel.io/,True,True,Redirection significative: www.helio.co → www.hel.io | Lien acquisition trouvé via Google,CLOSED,0.7,Redirection vers domaine différent,,https://www.coindesk.com/business/2025/01/13/moon-pay-buys-crypto-payment-processor-helio-for-175-m
Tactic,https://www.tactic.com/,https://oxley.com/domain/tactic.com/,True,True,Redirection significative: www.tactic.com → oxley.com/domain/tactic.com | Lien acquisition trouvé via Google,CLOSED,0.7,Redirection vers domaine différent,,https://www.taxbit.com/blogs/taxbit-acquires-tactic-to-augment-its-digital-asset-accounting-solutions/
Ziglu,https://www.ziglu.io,https://www.ziglu.io/,False,False,,ACQUIRED_AND_RUNNING,0.6,Site accessible sans indication explicite d'acquisition,,
MyCrypto,https://www.mycrypto.com,https://www.mycrypto.com/,False,False,,ACQUIRED_AND_RUNNING,0.6,Site accessible sans indication explicite d'acquisition,,
Liquid Global,https://www.liquid.com/,https://www.liquid.com/,False,False,Lien d'annonce trouvé sur la page,ACQUIRED_AND_RUNNING,0.6,Site accessible sans indication explicite d'acquisition,,https://blog.liquid.com
Easy Crypto,https://www.easycrypto.com,https://www.easycrypto.com/,False,False,,ACQUIRED_AND_RUNNING,0.6,Site accessible sans indication explicite d'acquisition,,
GK8 by Galaxy,https://www.gk8.io/,https://www.gk8.io/,False,False,Lien d'annonce trouvé sur la page,ACQUIRED_AND_RUNNING,0.6,Site accessible sans indication explicite d'acquisition,,https://www.gk8.io/news/
Leaf,http://www.leafglobalfintech.com/,https://www.leafglobalfintech.com/,True,False,,ACQUIRED_AND_RUNNING,0.6,Site accessible sans indication explicite d'acquisition,,
Bonifii,https://bonifii.com/,https://bonifii.com/,False,False,Lien d'annonce trouvé sur la page,ACQUIRED_AND_RUNNING,0.6,Site accessible sans indication explicite d'acquisition,,https://bonifii.com/bonifii-blog/
Toposware,https://toposware.com/,https://toposware.com/,False,False,Lien d'annonce trouvé sur la page,ACQUIRED_AND_RUNNING,0.6,Site accessible sans indication explicite d'acquisition,,https://toposware.com/blog/pushing-the-limits-of-zero-knowledge/
NODE40,https://www.node40.com,https://www.node40.com/,False,False,Lien d'annonce trouvé sur la page,ACQUIRED_AND_RUNNING,0.6,Site accessible sans indication explicite d'acquisition,,https://www.node40.com/blog/
DMarket,https://dmarket.com,https://dmarket.com/,False,False,Lien d'annonce trouvé sur la page,ACQUIRED_AND_RUNNING,0.6,Site accessible sans indication explicite d'acquisition,,https://dmarket.com/blog/dot-crosshair-in-cs2/
Membrane Finance,https://www.membrane.fi,https://www.membrane.fi/,False,False,Lien d'annonce trouvé sur la page,ACQUIRED_AND_RUNNING,0.6,Site accessible sans indication explicite d'acquisition,,https://www.membrane.fi/blog
Trustology,https://www.trustology.io,https://www.bitpanda.com/en/tech/custody-solutions,True,True,Redirection significative: www.trustology.io → www.bitpanda.com/en/tech/custody-solutions,CLOSED,0.7,Redirection vers domaine différent,,https://sp-edge.com/companies/705856
IPaidThat,https://ipaidthat.io/en/,https://ipaidthat.io/fr/,True,False,Lien d'annonce trouvé sur la page,ACQUIRED_AND_RUNNING,0.6,Site accessible sans indication explicite d'acquisition,,https://tiny-periodical-335.notion.site/Kit-Presse-iPaidThat-f28fec3f5f4c4a1fac4875ab31b38f42
HolyWally,https://www.holywally.com,https://www.instawally.com/,True,True,Redirection significative: www.holywally.com → www.instawally.com | Lien d'annonce trouvé sur la page | Lien acquisition trouvé via Google,CLOSED,0.7,Redirection vers domaine différent,,https://dcsinnov.com/instawally
Validated ID,http://validatedid.com,https://www.validatedid.com/en,True,False,Lien d'annonce trouvé sur la page,ACQUIRED_AND_RUNNING,0.6,Site accessible sans indication explicite d'acquisition,,http://www.validatedid.com/en/blog/post/validated-id-joins-signaturit-group-to-strengthen-leadership-in-trusted-electronic-services
modum,https://www.modum.io,,False,False,Lien acquisition trouvé via Google,CLOSED,0.8,Site inaccessible,,https://www.startupticker.ch/en/news/silicon-valley-supply-chain-company-acquires-modum
Wasder,https://www.wasder.gg,https://www.wasder.gg/,False,False,,ACQUIRED_AND_RUNNING,0.6,Site accessible sans indication explicite d'acquisition,,
N3TWORK,http://www.n3twork.com,https://www.n3twork.com/,True,False,Lien d'annonce trouvé sur la page,ACQUIRED_AND_RUNNING,0.6,Site accessible sans indication explicite d'acquisition,,https://www.n3twork.com/press/
iChain,https://www.ichain.co.jp/index_en.html,https://www.ichain.co.jp/index_en.html,False,False,,ACQUIRED_AND_RUNNING,0.6,Site accessible sans indication explicite d'acquisition,,
Kik,http://kik.com/,https://kik.com/,True,False,,ACQUIRED_AND_RUNNING,0.6,Site accessible sans indication explicite d'acquisition,,
Wuzu,http://wuzu.io,http://wuzu.io/,False,False,,ACQUIRED_AND_RUNNING,0.6,Site accessible sans indication explicite d'acquisition,,
Anyblock Analytics,https://www.anyblockanalytics.com/,https://www.blockdaemon.com/,True,True,Redirection significative: www.anyblockanalytics.com → www.blockdaemon.com | Lien d'annonce trouvé sur la page,CLOSED,0.7,Redirection vers domaine différent,,https://www.businesswire.com/news/home/20211117006244/en/Blockdaemon-Adds-JPMorgan-Chase-Strategic-Investments-and-Tiger-Global-as-Strategic-Investors-and-Acquires-Blockchain-Analytics-Platform-Anyblock-Analytics-to-Extend-Its-NFT-Offering
Token IQ,https://tokeniq.io/,https://tokeniq.io/,False,False,Lien d'annonce trouvé sur la page,ACQUIRED_AND_RUNNING,0.6,Site accessible sans indication explicite d'acquisition,,https://ethereumworldnews.com/five-reasons-why-security-tokens-are-taking-over-the-cryptocurrency-space/
Solar Site Design,http://solarsitedesign.com,https://solarsitedesign.com/,True,False,,ACQUIRED_AND_RUNNING,0.6,Site accessible sans indication explicite d'acquisition,,
Farm Trust,https://farmtrust.tn/,,False,False,Lien acquisition trouvé via Google,CLOSED,0.8,Site inaccessible,,https://www.unlock-bc.com/83815/lamma-acquires-tunisian-blockchain-enabled-farmtrust/
BitOfProperty,http://www.bitofproperty.com,https://inrento.com,True,True,Redirection significative: www.bitofproperty.com → inrento.com | Acquisition détectée: 'merged with' | Acquéreur: the largest real estate aggrega | Lien d'annonce trouvé sur la page,CLOSED,0.7,Redirection vers domaine différent,the largest real estate aggrega,https://www.eu-startups.com/2021/11/lithuanian-inrento-acquires-estonian-real-estate-platform-bitofproperty-and-expands-to-spain/
Visualeo,https://www.visualeo.com/,https://www.stidea.com/visualeo,True,True,Redirection significative: www.visualeo.com → www.stidea.com/visualeo | Lien d'annonce trouvé sur la page,CLOSED,0.7,Redirection vers domaine différent,,https://www.crunchbase.com/acquisition/st-sociedad-de-tasaci%C3%B3n-acquires-visualeo--6de83e9a
Xun Yao Chengdu,http://www.mrray.cn/,,False,False,,CLOSED,0.8,Site inaccessible,,https://evtoday.com/news/aptyx-acquires-medical-murrays-facility-forms-aptyx-interventional-systems-1
Coinfloor,https://coinfloor.co.uk,https://www.coincorner.com/,True,True,Redirection significative: coinfloor.co.uk → www.coincorner.com | Lien d'annonce trouvé sur la page | Lien acquisition trouvé via Google,CLOSED,0.7,Redirection vers domaine différent,,https://blog.coincorner.com/coinfloor-to-migrate-customers-to-coincorner-to-further-british-bitcoin-adoption-31f5cbb22380
Coinzone,http://www.coinzone.com,https://www.coinify.com/,True,True,Redirection significative: www.coinzone.com → www.coinify.com | Lien d'annonce trouvé sur la page | Lien acquisition trouvé via Google,CLOSED,0.7,Redirection vers domaine différent,,https://www.coindesk.com/fr/markets/2015/08/12/coinify-acquires-competing-bitcoin-payments-processor-coinzone
BlockTrail,http://www.blocktrail.com,https://blocktrail.com/,True,False,,ACQUIRED_AND_RUNNING,0.6,Site accessible sans indication explicite d'acquisition,,
SponDoolies-Tech,http://www.spondoolies-tech.com/,,False,False,Lien acquisition trouvé via Google,CLOSED,0.8,Site inaccessible,,https://bitcoinmagazine.com/business/bitcoin-shop-inc-btcs-spondoolies-tech-move-forward-merger-1433969361
Cryptiv,http://cryptiv.com,,False,False,,CLOSED,0.8,Site inaccessible,,https://www.gamesindustry.biz/perfect-world-acquires-cryptic-studios-for-usd50-million
Secucial,https://secucial.com/,,False,False,,CLOSED,0.8,Site inaccessible,,https://www.latestly.com/auto/singaporean-startup-responsible-cyber-acquires-ice71-accelerate-graduate-secucial-1754352.html
Deribit,https://www.deribit.com,https://www.deribit.com/,False,False,,ACQUIRED_AND_RUNNING,0.6,Site accessible sans indication explicite d'acquisition,,
Trident Digital,https://www.tridig.io,https://sentora.com/,True,True,Redirection significative: www.tridig.io → sentora.com | Lien acquisition trouvé via Google,CLOSED,0.7,Redirection vers domaine différent,,https://sentora.com/
Lead,https://www.lead.bank,https://www.lead.bank/,False,False,Lien d'annonce trouvé sur la page,ACQUIRED_AND_RUNNING,0.6,Site accessible sans indication explicite d'acquisition,,https://www.lead.bank/blog
Bitstamp,http://www.bitstamp.net,https://www.bitstamp.net/,True,False,,ACQUIRED_AND_RUNNING,0.6,Site accessible sans indication explicite d'acquisition,,
Mountain Protocol,https://mountainprotocol.com,https://mountainprotocol.com/,False,False,,ACQUIRED_AND_RUNNING,0.6,Site accessible sans indication explicite d'acquisition,,
Nametag,http://www.nametag.org,,False,False,Lien acquisition trouvé via Google,CLOSED,0.8,Site inaccessible,,https://masknetwork.medium.com/mask-network-acquires-trendy-did-extension-nametag-expanding-its-decentralized-social-ecosystem-50decc5a65e2
Crypto Finance Group,https://www.crypto-finance.com,https://www.crypto-finance.com/,False,False,Lien d'annonce trouvé sur la page,ACQUIRED_AND_RUNNING,0.6,Site accessible sans indication explicite d'acquisition,,https://www.crypto-finance.com/news/
Yup,https://yup.io,https://yup.io/,False,False,Acquisition détectée: 'acquired by' | Acquéreur: thirdweb | Lien d'annonce trouvé sur la page,ACQUIRED_AND_RUNNING,0.8,Site accessible avec mots-clés d'acquisition,thirdweb,https://blog.thirdweb.com/thirdweb-acquires-yup-io-2/
PROOF,https://proof.xyz,https://www.proof.xyz/,True,False,,ACQUIRED_AND_RUNNING,0.6,Site accessible sans indication explicite d'acquisition,,
Parasol,https://parasol.xyz/,https://www.parasol.xyz/,True,False,,ACQUIRED_AND_RUNNING,0.6,Site accessible sans indication explicite d'acquisition,,
Altonomy,https://www.altonomy.com,https://www.altonomy.com/,False,False,,ACQUIRED_AND_RUNNING,0.6,Site accessible sans indication explicite d'acquisition,,
Ather Digital,https://www.atherdigital.com,https://www.versifi.io/,True,True,Redirection significative: www.atherdigital.com → www.versifi.io | Lien d'annonce trouvé sur la page | Lien acquisition trouvé via Google,CLOSED,0.7,Redirection vers domaine différent,,https://www.prnewswire.com/ae/news-releases/versifi-acquires-ather-digital-302153201.html
Flood,https://www.flood.bid/,https://www.flood.bid/,False,False,Lien acquisition trouvé via Google,CLOSED,0.8,Erreur 404,,https://0x.org/post/0x-acquires-flood-to-optimize-trade-execution
Ottr Finance,https://ottr.finance,https://ottr.finance/,False,False,Lien d'annonce trouvé sur la page,ACQUIRED_AND_RUNNING,0.6,Site accessible sans indication explicite d'acquisition,,https://blog.ottr.finance/ottr-wallet-acquired-by-tools-for-humanity-to-support-the-worldcoin-project-488f14405add
FAC (Fund Admin Chain),https://www.fundadminchain.com/,https://fundadminchain.com/,True,False,Lien d'annonce trouvé sur la page,ACQUIRED_AND_RUNNING,0.6,Site accessible sans indication explicite d'acquisition,,https://www.famethemes.com/themes/onepress
Coinmama,http://www.coinmama.com,https://www.coinmama.com/,True,False,Lien d'annonce trouvé sur la page,ACQUIRED_AND_RUNNING,0.6,Site accessible sans indication explicite d'acquisition,,https://www.coinmama.com/blog
gem.xyz,https://www.gem.xyz/,https://opensea.io/os2,True,True,Redirection significative: www.gem.xyz → opensea.io/os2 | Lien acquisition trouvé via Google,CLOSED,0.8999999999999999,Redirection vers domaine différent,,https://techcrunch.com/2022/04/25/nft-aggregator-gem-acquired-by-opensea-shortly-after-ousting-co-founder-for-sexual-misconduct/
Truffle Suite,https://www.trufflesuite.com,https://archive.trufflesuite.com/,True,True,Redirection significative: www.trufflesuite.com → archive.trufflesuite.com | Lien d'annonce trouvé sur la page | Lien acquisition trouvé via Google,CLOSED,0.7,Redirection vers domaine différent,,https://consensys.io/blog/consensys-acquires-truffle-suite
Biscoint,https://biscoint.io/biscointbuy/learn-more,https://biscoint.io/biscointbuy/learn-more,False,False,,ACQUIRED_AND_RUNNING,0.6,Site accessible sans indication explicite d'acquisition,,
Bottlepay,https://bottlepay.com,https://bottlepay.com/,False,False,,ACQUIRED_AND_RUNNING,0.6,Site accessible sans indication explicite d'acquisition,,
Stryking Entertainment,http://www.stryking.com,http://www.stryking.com/,False,False,,ACQUIRED_AND_RUNNING,0.6,Site accessible sans indication explicite d'acquisition,,
Lawnmower,http://lawnmower.io,http://lawnmower.io/,False,False,,ACQUIRED_AND_RUNNING,0.6,Site accessible sans indication explicite d'acquisition,,
Blanksoles,https://www.blanksoles.com,https://www.blanksoles.com/,False,False,Lien d'annonce trouvé sur la page,ACQUIRED_AND_RUNNING,0.6,Site accessible sans indication explicite d'acquisition,,https://www.blanksoles.com/press-page
Disco,https://www.disco.xyz/,https://www.disco.xyz/,False,False,Lien d'annonce trouvé sur la page,ACQUIRED_AND_RUNNING,0.6,Site accessible sans indication explicite d'acquisition,,https://www.privado.id/blog/privado-id-and-disco-xyz-announce-merger-to-launch-unified-identity-across-blockchains-and-legacy-systems
Klevoya,https://klevoya.com/#home,https://klevoya.com/#home,False,False,Acquisition détectée: 'acquired by' | Acquéreur: immunefi,ACQUIRED_AND_RUNNING,0.8,Site accessible avec mots-clés d'acquisition,immunefi,
Steemit,https://steemit.com,https://steemit.com/,False,False,Lien d'annonce trouvé sur la page,ACQUIRED_AND_RUNNING,0.6,Site accessible sans indication explicite d'acquisition,,https://steemit.com/@steemitblog
Slise,https://slise.xyz,https://www.slise.xyz/,True,False,Lien d'annonce trouvé sur la page,ACQUIRED_AND_RUNNING,0.6,Site accessible sans indication explicite d'acquisition,,https://polygon.technology/blog/polygon-devs-shine-at-alliance-daos-demo-day
Flashy Cash,https://flashy.cash/,https://flashy.cash/,False,False,,ACQUIRED_AND_RUNNING,0.6,Site accessible sans indication explicite d'acquisition,,
CoinNess.com,https://www.coinness.com/,https://coinness.com:443/,True,True,Redirection significative: www.coinness.com → coinness.com:443,CLOSED,0.7,Redirection vers domaine différent,,https://iq.wiki/wiki/coinness
XD Academy,https://xd.academy/,https://xd.academy/,False,False,,ACQUIRED_AND_RUNNING,0.6,Site accessible sans indication explicite d'acquisition,,
Lition Technology,http://www.lition.io,https://www.lition.io/,True,False,,ACQUIRED_AND_RUNNING,0.6,Site accessible sans indication explicite d'acquisition,,
LeagueDAO,https://leaguedao.com,https://leaguedao.com/,False,False,,ACQUIRED_AND_RUNNING,0.6,Site accessible sans indication explicite d'acquisition,,
Routefire,https://routefire.io,,False,False,,CLOSED,0.8,Site inaccessible,,https://www.coindesk.com/business/2021/01/07/coinbase-acquires-routefire-to-beef-up-institutional-bitcoin-offering
Hedgy,https://hedgy.co,https://hedgy.co/,False,False,,ACQUIRED_AND_RUNNING,0.6,Site accessible sans indication explicite d'acquisition,,
Refinable,https://www.refinable.com,https://www.refinable.com/,False,False,,ACQUIRED_AND_RUNNING,0.6,Site accessible sans indication explicite d'acquisition,,
BitQuick,https://www.bitquick.co/,,False,False,Lien acquisition trouvé via Google,CLOSED,0.8,Site inaccessible,,https://news.bitcoin.com/bitquick-acquired-bitcoin-atm-company-relaunches-exchange/
CleverCoin,https://www.clevercoin.com,,False,False,Lien acquisition trouvé via Google,CLOSED,0.8,Site inaccessible,,https://blog.kraken.com/news/kraken-acquires-dutch-bitcoin-exchange-clevercoin
Diem,https://www.diem.com,https://www.diem.com/en-us/,True,False,Lien d'annonce trouvé sur la page,ACQUIRED_AND_RUNNING,0.6,Site accessible sans indication explicite d'acquisition,,https://www.diem.com/en-us/media-press-news/
